NAME,fuelType,min_price,max_price,avg_price,med_price
ALFA ROMEO GIULIA,Diesel,56000,66500,61333.333333333336,61500.0
ALFA ROMEO JUNIOR,Strom,39500.0,48500.0,43750.0,43500.0
ALFA ROMEO JUNIOR,Super,30450.0,40000.0,35480.0,36500.0
ALFA ROMEO STELVIO,Diesel,60600,71100,65933.33333333333,66100.0
ALFA ROMEO TONALE,Diesel,40800.0,51300.0,46133.333333333336,46300.0
ALFA ROMEO TONALE,Super,42300.0,52800.0,47633.333333333336,47800.0
ALFA ROMEO TONALE,Super / Strom,51600.0,62100.0,56933.333333333336,57100.0
ALPINE A110,Super,64450,330000,152633.33333333334,90450.0
ALPINE A290,Strom,38700,46200,42640.0,41900.0
AUDI A1,Super,22950,33050,26905.0,26300.0
AUDI A3,Diesel,34400.0,41900.0,38400.0,39200.0
AUDI A3,Super,31300.0,43350.0,36193.54838709677,35450.0
AUDI A3,Super / Strom,44200.0,47700.0,45870.0,46000.0
AUDI A3,Super Plus,55600.0,68000.0,61500.0,61200.0
AUDI A4,Diesel,35900.0,68850.0,49162.09649122807,49325.0
AUDI A4,Erdgas / Super,43200.0,48950.0,46008.333333333336,46075.0
AUDI A4,Super,33240.0,56150.0,45831.74698795181,46700.0
AUDI A4,Super Plus,79933.0,142905.0,99459.5,87500.0
AUDI A5,Diesel,54200.0,66140.0,60170.0,60170.0
AUDI A5,Super,45200.0,81660.0,61503.75,57970.0
AUDI A5,Super / Strom,62500.0,80490.0,71495.0,71495.0
AUDI A6,Diesel,59300.0,73420.0,66360.0,66360.0
AUDI A6,Strom,62800.0,116795.0,96556.875,100262.5
AUDI A6,Super,55500.0,81370.0,68435.0,68435.0
AUDI A6,Super / Strom,65800.0,81950.0,74882.5,75890.0
AUDI A7,Diesel,57454.0,91100.0,68258.47619047618,66200.0
AUDI A7,Super,57844.0,76500.0,65954.2,67200.0
AUDI A7,Super / Strom,66188.0,84350.0,74379.16666666667,74993.5
AUDI A7,Super Plus,119412.0,138500.0,130482.4,131500.0
AUDI A8,Diesel,90600.0,118583.0,101707.375,99475.0
AUDI A8,Super,93336.0,112050.0,101477.42857142857,99650.0
AUDI A8,Super / Strom,104010.0,124450.0,111891.5,109575.0
AUDI A8,Super Plus,114197.0,157350.0,132750.76923076922,129550.0
AUDI E-TRON GT,Strom,108900,160500,135725.0,136750.0
AUDI Q2,Diesel,32400.0,42250.0,37883.333333333336,39000.0
AUDI Q2,Super,29000.0,41400.0,34708.333333333336,34150.0
AUDI Q2,Super Plus,50900.0,50900.0,50900.0,50900.0
AUDI Q3,Diesel,46900.0,48750.0,47825.0,47825.0
AUDI Q3,Super,44600.0,61750.0,52825.0,52125.0
AUDI Q3,Super / Strom,49300.0,51150.0,50225.0,50225.0
AUDI Q4,Strom,46150,68570,57176.42857142857,57275.0
AUDI Q5,Diesel,57100.0,73190.0,67313.33333333333,70545.0
AUDI Q5,Super,52300.0,92080.0,72183.33333333333,69245.0
AUDI Q5,Super / Strom,63400.0,81640.0,75543.33333333333,77535.0
AUDI Q6,Strom,63500,107200,86058.33333333333,85900.0
AUDI Q7,Diesel,80900.0,89120.0,85010.0,85010.0
AUDI Q7,Super,84000.0,89220.0,86485.0,86360.0
AUDI Q7,Super / Strom,87300.0,97800.0,92033.33333333333,91000.0
AUDI Q7,Super Plus,114000.0,115520.0,114760.0,114760.0
AUDI Q8,Diesel,88400.0,91400.0,89900.0,89900.0
AUDI Q8,Super,91500.0,91500.0,91500.0,91500.0
AUDI Q8,Super / Strom,94700.0,105000.0,99850.0,99850.0
AUDI Q8,Super Plus,121500.0,158200.0,141366.66666666666,144400.0
BMW 1ER,Diesel,38900.0,48150.0,43000.0,42475.0
BMW 1ER,Super Plus,33600.0,59600.0,44171.42857142857,43375.0
BMW 2ER,Diesel,42100.0,54800.0,47584.21052631579,46000.0
BMW 2ER,Super Plus,36200.0,115000.0,50534.72222222222,47700.0
BMW 2ER,Super Plus / Strom,48500.0,56000.0,52375.0,52250.0
BMW 3ER,Diesel,51100.0,77900.0,62927.692307692305,62295.0
BMW 3ER,Strom,37550.0,48100.0,42400.0,41875.0
BMW 3ER,Strom / Super Plus,42150.0,45750.0,43950.0,43950.0
BMW 3ER,Super Plus,46600.0,152900.0,69637.66666666667,61235.0
BMW 3ER,Super Plus / Strom,62700.0,72170.0,67596.66666666667,67820.0
BMW 4ER,Diesel,56100.0,87900.0,68657.85714285714,66720.0
BMW 4ER,Strom,57600.0,72900.0,65524.444444444445,65020.0
BMW 4ER,Super Plus,53300.0,112700.0,73688.92857142857,69820.0
BMW 5ER,Diesel,61600.0,79200.0,70233.33333333333,70100.0
BMW 5ER,Strom,70200.0,101500.0,80142.85714285714,77600.0
BMW 5ER,Super Plus,59300.0,67400.0,63900.0,64750.0
BMW 5ER,Super Plus / Strom,65900.0,146400.0,81760.0,74050.0
BMW 7ER,Diesel,118400.0,129300.0,124433.33333333333,125600.0
BMW 7ER,Strom,115700.0,183150.0,146043.75,143500.0
BMW 7ER,Super Plus / Strom,126500.0,148750.0,138830.0,137400.0
BMW 8ER,Diesel,110500.0,124200.0,116583.33333333333,115050.0
BMW 8ER,Super Plus,105000.0,193400.0,129811.11111111111,117350.0
BMW IX,Strom,83500,124900,100471.42857142857,99900.0
BMW X1,Diesel,47200.0,61890.0,53534.375,53450.0
BMW X1,Strom,48800.0,63690.0,55947.5,56245.0
BMW X1,Super Plus,44600.0,64800.0,52475.38461538462,50600.0
BMW X1,Super Plus / Strom,51000.0,61290.0,55847.5,55550.0
BMW X2,Diesel,48700.0,58450.0,53628.88888888889,53800.0
BMW X2,Strom,50300.0,63960.0,57435.0,57225.0
BMW X2,Super Plus,48100.0,68760.0,58004.0,54660.0
BMW X3,Diesel,62300.0,77930.0,70160.0,70115.0
BMW X3,Strom,68900.0,75400.0,72333.33333333333,72700.0
BMW X3,Super Plus,59800.0,84500.0,68832.5,65515.0
BMW X3,Super Plus / Strom,66400.0,73230.0,69743.33333333333,69600.0
BMW X4,Diesel,63000.0,83300.0,71860.0,70600.0
BMW X4,Super Plus,60500.0,108500.0,76166.66666666667,70200.0
BMW X5,Diesel,89900.0,103250.0,96933.33333333333,96575.0
BMW X5,Super Plus,94600.0,167400.0,116310.0,101250.0
BMW X5,Super Plus / Strom,97300.0,102850.0,100383.33333333333,101000.0
BMW X6,Diesel,97500.0,106450.0,101975.0,101975.0
BMW X6,Super Plus,102200.0,170800.0,125037.5,113575.0
BMW X7,Diesel,107900.0,115250.0,112083.33333333333,113100.0
BMW X7,Super Plus,105900.0,137100.0,116837.5,112175.0
BMW XM,Super Plus,133800,183400,158600.0,158600.0
BMW Z4,Super Plus,50700,76200,60271.42857142857,56150.0
BMW i3,Strom,37550.0,48100.0,42400.0,41875.0
BMW i3,Strom / Super Plus,42150.0,45750.0,43950.0,43950.0
BMW i4,Strom,57600,72900,65524.444444444445,65020.0
BMW i5,Strom,70200,101500,80142.85714285714,77600.0
BMW i7,Strom,115700,183150,146043.75,143500.0
BMW iX1,Strom,48800,63690,55947.5,56245.0
BMW iX2,Strom,50300,63960,57435.0,57225.0
BMW iX3,Strom,68900,75400,72333.33333333333,72700.0
BYD ATTO 2,Strom,31990,34990,33490.0,33490.0
BYD ATTO 3,Strom,38990,40990,39990.0,39990.0
BYD DOLPHIN,Strom,22990,36640,30450.0,30990.0
BYD DOLPHIN SURF,Strom,22990,30990,26990.0,26990.0
BYD SEAL,Strom,42990.0,52990.0,47690.0,46990.0
BYD SEAL,Super / Strom,39990.0,49990.0,45156.666666666664,44490.0
BYD SEAL U,Strom,42990.0,46490.0,44740.0,44740.0
BYD SEAL U,Super / Strom,39990.0,45990.0,42990.0,42990.0
BYD SEALION 7,Strom,49990,60990,55656.666666666664,55990.0
BYD TANG,Strom,75000,75000,75000.0,75000.0
CITROEN BERLINGO,Diesel,23540.0,33439.0,28560.6875,28709.0
CITROEN BERLINGO,Strom,34390.0,40540.0,37773.0,37723.0
CITROEN BERLINGO,Super,25823.0,25823.0,25823.0,25823.0
CITROEN C3,Strom,19990.0,32890.0,26705.416666666668,26811.0
CITROEN C3,Super,15990.0,27590.0,21772.222222222223,21100.0
CITROEN C4,Strom,31900.0,37300.0,34366.666666666664,34100.0
CITROEN C4,Super,23990.0,30770.0,27764.166666666668,27920.0
CITROEN C5,Strom,42590.0,48590.0,45256.666666666664,44590.0
CITROEN C5,Super,33990.0,46000.0,39806.0,39990.0
CITROEN C5,Super / Strom,38990.0,42990.0,40990.0,40990.0
CITROEN JUMPER,Diesel,36747.0,54026.0,45449.45911949685,45851.0
CITROEN JUMPER,Strom,64260.0,80182.0,67740.72222222222,66164.0
CITROEN JUMPY,Diesel,37485.0,52955.0,44479.555555555555,44208.5
CITROEN JUMPY,Strom,44230.0,60690.0,51122.142857142855,50730.0
CUPRA BORN,Strom,40450,52870,45975.0,45645.0
CUPRA FORMENTOR,Diesel,45735.0,45735.0,45735.0,45735.0
CUPRA FORMENTOR,Super,41115.0,64200.0,52455.555555555555,51890.0
CUPRA FORMENTOR,Super / Strom,49290.0,61010.0,54750.0,54350.0
CUPRA TAVASCAN,Strom,53340,57910,55625.0,55625.0
CUPRA TERRAMAR,Super,43020.0,56620.0,49580.0,49100.0
CUPRA TERRAMAR,Super / Strom,51120.0,57530.0,54325.0,54325.0
DACIA BIGSTER,Flüssiggas,23990.0,27490.0,26040.0,26340.0
DACIA BIGSTER,Super,23990.0,30890.0,26800.0,27290.0
DACIA BIGSTER,Super / Strom,28890.0,30990.0,30223.333333333332,30790.0
DACIA DUSTER,Flüssiggas,18990.0,22390.0,21165.0,21640.0
DACIA DUSTER,Super,18990.0,27690.0,23530.0,23040.0
DACIA DUSTER,Super / Strom,25890.0,28990.0,27415.0,27390.0
DACIA JOGGER,Flüssiggas,17990.0,22290.0,20115.0,20090.0
DACIA JOGGER,Super,17990.0,22290.0,20406.666666666668,20540.0
DACIA JOGGER,Super / Strom,24490.0,27290.0,25923.333333333332,25890.0
DACIA SANDERO,Flüssiggas,13290.0,18190.0,15890.0,15990.0
DACIA SANDERO,Super,12490.0,19490.0,16090.0,16290.0
DACIA SPRING,Strom,16900,19900,18400.0,18400.0
DS 3,Strom,41500.0,47300.0,44100.0,43500.0
DS 3,Super,33190.0,38990.0,35790.0,35190.0
DS 4,Strom,45900.0,51100.0,48633.333333333336,48900.0
DS 4,Super,38640.0,47640.0,42940.0,42740.0
DS 4,Super / Strom,45900.0,54900.0,50200.0,50000.0
DS 7,Diesel,48910.0,53810.0,50960.0,50560.0
DS 7,Super / Strom,54310.0,69210.0,60054.444444444445,59410.0
DS 8,Strom,57700,81000,69762.5,69550.0
DS AUTOMOBILES,Diesel,48910.0,53810.0,50960.0,50560.0
DS AUTOMOBILES,Strom,41500.0,81000.0,59735.71428571428,60450.0
DS AUTOMOBILES,Super,33190.0,47640.0,39875.71428571428,38990.0
DS AUTOMOBILES,Super / Strom,45900.0,69210.0,57022.307692307695,56910.0
DS AUTOMOBILES 3,Strom,41500.0,47300.0,44100.0,43500.0
DS AUTOMOBILES 3,Super,33190.0,38990.0,35790.0,35190.0
DS AUTOMOBILES 7,Diesel,48910.0,53810.0,50960.0,50560.0
DS AUTOMOBILES 7,Super / Strom,54310.0,69210.0,60054.444444444445,59410.0
DS AUTOMOBILES N°4,Strom,45900.0,51100.0,48633.333333333336,48900.0
DS AUTOMOBILES N°4,Super,38640.0,47640.0,42940.0,42740.0
DS AUTOMOBILES N°4,Super / Strom,45900.0,54900.0,50200.0,50000.0
DS AUTOMOBILES N°8,Strom,57700,81000,69762.5,69550.0
FERRARI 12CILINDRI,Super Plus,395000,435000,415000.0,415000.0
FERRARI 296,Super Plus / Strom,283185,310595,296890.0,296890.0
FERRARI PUROSANGUE,Super Plus,378873,378873,378873.0,378873.0
FERRARI ROMA,Super Plus,242316,242316,242316.0,242316.0
FERRARI SF90,Super Plus / Strom,440000,850000,634500.0,624000.0
FIAT 500,Strom,24990,37990,31061.428571428572,30990.0
FIAT 600,Strom,31490.0,36490.0,34365.0,34740.0
FIAT 600,Super,25490.0,31490.0,28561.428571428572,28490.0
FIAT DUCATO,Diesel,39865.0,54026.0,47662.63157894737,47600.0
FIAT DUCATO,Strom,64260.0,67473.0,65968.5,66164.0
FIAT GRANDE PANDA,Strom,24990.0,27990.0,26490.0,26490.0
FIAT GRANDE PANDA,Super,18990.0,24990.0,21823.333333333332,21490.0
FIAT PANDA,Strom,24990.0,27990.0,26490.0,26490.0
FIAT PANDA,Super,18990.0,24990.0,21823.333333333332,21490.0
FIAT SCUDO,Diesel,34629.0,47481.0,41601.0,42126.0
FIAT SCUDO,Strom,45577.0,56168.0,50872.5,50872.5
FIAT TIPO,Diesel,19990,20490,20240.0,20240.0
FIAT ULYSSE,Strom,62990,71990,67490.0,67490.0
FORD CAPRI,Strom,42400,59400,52066.666666666664,53400.0
FORD EXPLORER,Strom,39900,56900,49457.142857142855,48900.0
FORD FOCUS,Diesel,36100.0,39800.0,37964.28571428572,37975.0
FORD FOCUS,Super,32100.0,49850.0,36910.294117647056,35950.0
FORD KUGA,Super,39950.0,49600.0,45210.0,45400.0
FORD KUGA,Super / Strom,44100.0,54050.0,49813.333333333336,49350.0
FORD MUSTANG,Strom,56500.0,78000.0,65075.0,62900.0
FORD MUSTANG,Super,60400.0,76500.0,68350.0,68150.0
FORD MUSTANG MACH-E,Strom,56500,78000,65075.0,62900.0
FORD PUMA,Strom,36900.0,42400.0,39566.666666666664,39400.0
FORD PUMA,Super,28900.0,40950.0,34296.153846153844,33750.0
FORD TRANSIT,Diesel,24752.0,76815.0,53424.55982905983,53907.0
FORD TRANSIT,Strom,34784.0,83003.0,69834.46774193548,73649.0
FORD TRANSIT,Super,22075.0,29453.0,26077.727272727272,26359.0
FORD TRANSIT,Super / Strom,40877.0,73364.0,55915.78571428572,56614.5
FORD TRANSIT CONNECT,Diesel,31178.0,42364.0,36839.625,36950.0
FORD TRANSIT CONNECT,Super / Strom,40877.0,48374.0,44514.875,44392.0
FORD TRANSIT COURIER,Diesel,24752.0,28441.0,26775.0,26775.0
FORD TRANSIT COURIER,Strom,34784.0,36331.0,35557.5,35557.5
FORD TRANSIT COURIER,Super,22075.0,29453.0,26077.727272727272,26359.0
FORD TRANSIT CUSTOM,Diesel,42305.0,76815.0,53926.333333333336,53372.0
FORD TRANSIT CUSTOM,Strom,57953.0,83003.0,65435.375,63516.5
FORD TRANSIT CUSTOM,Super / Strom,53074.0,73364.0,60476.15,58370.0
"FORD TRANSIT, TOURNEO",Diesel,24752.0,76815.0,53424.55982905983,53907.0
"FORD TRANSIT, TOURNEO",Strom,34784.0,83003.0,69834.46774193548,73649.0
"FORD TRANSIT, TOURNEO",Super,22075.0,29453.0,26077.727272727272,26359.0
"FORD TRANSIT, TOURNEO",Super / Strom,40877.0,73364.0,55915.78571428572,56614.5
G70,Diesel,44980.0,51180.0,48252.5,48425.0
G70,Super,40280.0,53080.0,48298.0,49725.0
G80,Strom,75000,79100,77050.0,77050.0
G90,Super,112180,126180,118180.0,116180.0
GV60,Strom,54680,74480,62855.0,61130.0
GV70,Strom,69050,75300,72750.0,73900.0
GWM ORA 07,Strom,41990,53490,46656.666666666664,44490.0
GWM WEY 03,Super / Strom,47900,55900,51900.0,51900.0
GWM WEY 05,Super / Strom,59900,63900,61900.0,61900.0
HONDA CIVIC,Super / Strom,39500.0,44700.0,41733.333333333336,41000.0
HONDA CIVIC,Super Plus,58900.0,65900.0,62400.0,62400.0
HONDA CR-V,Super / Strom,49900,60800,55171.42857142857,55300.0
HONDA E:NY1,Strom,38990,41990,40490.0,40490.0
HONDA HR-V,Super / Strom,34700,41300,38880.0,40300.0
HONDA JAZZ,Super / Strom,26950,31100,29462.5,29900.0
HONDA ZR-V,Super / Strom,42900,47100,44866.666666666664,44600.0
HYUNDAI BAYON,Super,23400,30100,27000.0,27500.0
HYUNDAI G70,Diesel,44980.0,51180.0,48252.5,48425.0
HYUNDAI G70,Super,40280.0,53080.0,48298.0,49725.0
HYUNDAI G80,Strom,75000,79100,77050.0,77050.0
HYUNDAI G90,Super,112180,126180,118180.0,116180.0
HYUNDAI GV60,Strom,54680,74480,62855.0,61130.0
HYUNDAI GV70,Strom,69050,75300,72750.0,73900.0
HYUNDAI I 10,Super,16990,22190,19838.75,19575.0
HYUNDAI I 20,Super,20300,28000,24875.0,25650.0
HYUNDAI I 30,Super,27990,35150,31710.0,31820.0
HYUNDAI I10,Super,16990,22190,19838.75,19575.0
HYUNDAI I20,Super,20300,28000,24875.0,25650.0
HYUNDAI I30,Super,27990,35150,31710.0,31820.0
HYUNDAI INSTER,Strom,23900,30100,26966.666666666668,26650.0
HYUNDAI IONIQ 5,Strom,43900,74900,57534.61538461538,58150.0
HYUNDAI IONIQ 6,Strom,43900,75000,57400.0,57100.0
HYUNDAI IONIQ 9,Strom,68500,86750,79800.0,81500.0
HYUNDAI IONIQ5,Strom,43900,74900,57534.61538461538,58150.0
HYUNDAI IONIQ6,Strom,43900,75000,57400.0,57100.0
HYUNDAI KONA,Strom,37990.0,48490.0,43347.142857142855,43490.0
HYUNDAI KONA,Super,26900.0,40600.0,33635.71428571428,33650.0
HYUNDAI KONA,Super / Strom,32950.0,39950.0,36670.0,36750.0
HYUNDAI SANTA FE,Super / Strom,59750,68150,64316.666666666664,64150.0
HYUNDAI STARIA,Super / Strom,49500,58950,54483.333333333336,55000.0
HYUNDAI TUCSON,Diesel,39600.0,49090.0,44600.0,44710.0
HYUNDAI TUCSON,Super,35740.0,47740.0,43171.25,44500.0
HYUNDAI TUCSON,Super / Strom,40740.0,54050.0,48623.57142857143,48900.0
INEOS GRENADIER,Diesel,71140.0,150685.0,85269.5,81890.0
INEOS GRENADIER,Super Plus,71140.0,150685.0,85269.5,81890.0
JEEP AVENGER,Strom,38500.0,43000.0,40666.666666666664,40500.0
JEEP AVENGER,Super,25600.0,39000.0,31088.88888888889,29600.0
JEEP COMPASS,Strom,50400.0,50400.0,50400.0,50400.0
JEEP COMPASS,Super,39900.0,44400.0,42525.0,42900.0
JEEP COMPASS,Super / Strom,50200.0,54700.0,52866.666666666664,53700.0
JEEP GRAND CHEROKEE,Super / Strom,99900,99900,99900.0,99900.0
JEEP RENEGADE,Super,31100.0,35100.0,33475.0,33850.0
JEEP RENEGADE,Super / Strom,45700.0,45700.0,45700.0,45700.0
JEEP WRANGLER,Super / Strom,81500,83500,82500.0,82500.0
KGM ACTYON,Super,35790,44450,40252.857142857145,40190.0
KGM KORANDO,Super,22990,39890,32202.5,32490.0
KGM REXTON,Diesel,47490,55890,52850.0,53390.0
KGM TIVOLI,Super,18990,31900,26690.0,27450.0
KGM TORRES,Strom,41990.0,48990.0,45323.333333333336,44990.0
KGM TORRES,Super,28990.0,46090.0,38526.42857142857,39490.0
KIA CEED,Super,27390,33990,30034.444444444445,29690.0
KIA EV3,Strom,35990,48690,41610.0,41390.0
KIA EV6,Strom,44990,69990,54634.444444444445,53990.0
KIA EV9,Strom,61990,90980,76852.22222222222,76490.0
KIA NIRO,Strom,34290.0,47590.0,41360.58823529412,41290.0
KIA NIRO,Super / Strom,26310.0,45090.0,36729.25806451613,37790.0
KIA PICANTO,Super,17850,22550,20250.0,20550.0
KIA SORENTO,Diesel,55190.0,65180.0,61851.666666666664,62685.0
KIA SORENTO,Super / Strom,53690.0,69130.0,62598.75,63385.0
KIA SPORTAGE,Diesel,36550.0,48050.0,41967.77777777778,42550.0
KIA SPORTAGE,Super,34690.0,47790.0,41056.0,40740.0
KIA SPORTAGE,Super / Strom,38990.0,52190.0,45754.444444444445,45920.0
KIA STONIC,Super,22690,29880,26624.444444444445,26950.0
LAMBORGHINI URUS,Super Plus,232690.0,265200.0,248945.0,248945.0
LAMBORGHINI URUS,Super Plus / Strom,300000.0,300000.0,300000.0,300000.0
LAND ROVER DEFENDER,Diesel,67500.0,135300.0,93192.5925925926,91000.0
LAND ROVER DEFENDER,Super,110000.0,200700.0,150100.0,144400.0
LAND ROVER DEFENDER,Super / Strom,82200.0,121200.0,98400.0,95100.0
LAND ROVER DISCOVERY,Diesel,54200.0,113100.0,80707.69230769231,83200.0
LAND ROVER DISCOVERY,Super / Strom,62300.0,76600.0,69433.33333333333,69400.0
LAND ROVER DISCOVERY SPORT,Diesel,54200.0,71600.0,61760.0,61300.0
LAND ROVER DISCOVERY SPORT,Super / Strom,62300.0,76600.0,69433.33333333333,69400.0
LAND ROVER RANGE ROVER,Diesel,54700.0,178800.0,115208.0,102500.0
LAND ROVER RANGE ROVER,Super,50500.0,285500.0,179264.70588235295,187200.0
LAND ROVER RANGE ROVER,Super / Strom,61500.0,225500.0,131557.8947368421,123500.0
LAND ROVER RANGE ROVER EVOQUE,Diesel,54700.0,73900.0,62920.0,62600.0
LAND ROVER RANGE ROVER EVOQUE,Super,50500.0,58500.0,54500.0,54500.0
LAND ROVER RANGE ROVER EVOQUE,Super / Strom,61500.0,75600.0,68900.0,69600.0
LAND ROVER RANGE ROVER SPORT,Diesel,91700.0,128800.0,106385.71428571429,102500.0
LAND ROVER RANGE ROVER SPORT,Super,148600.0,205000.0,183750.0,190700.0
LAND ROVER RANGE ROVER SPORT,Super / Strom,104400.0,145500.0,119820.0,114600.0
LAND ROVER RANGE ROVER VELAR,Diesel,72200.0,99700.0,85075.0,84200.0
LAND ROVER RANGE ROVER VELAR,Super,90600.0,102000.0,96300.0,96300.0
LAND ROVER RANGE ROVER VELAR,Super / Strom,83200.0,101500.0,92166.66666666667,91800.0
LEAPMOTOR C10,Strom,37600.0,39100.0,38350.0,38350.0
LEAPMOTOR C10,Strom / Super Plus,37600.0,39100.0,38350.0,38350.0
LEAPMOTOR T03,Strom,18900,18900,18900.0,18900.0
LEXUS ES,Super / Strom,54350,69200,60575.0,59375.0
LEXUS LBX,Super / Strom,32990,46690,41434.444444444445,43940.0
LEXUS LM,Super / Strom,128500,154000,141250.0,141250.0
LEXUS NX,Super / Strom,53700,74990,66822.66666666667,67290.0
LEXUS RX,Super / Strom,74100,98850,83354.54545454546,82800.0
LEXUS RZ,Strom,55590,73190,64990.0,67290.0
LEXUS UX,Super / Strom,44250,63100,53310.0,49400.0
LOTUS ELETRE,Strom,99990,160990,126990.0,123490.0
LOTUS EMEYA,Strom,107990,160990,132390.0,129990.0
LUCID AIR,Strom,85000,250000,141450.0,115400.0
LUCID GRAVITY,Strom,99900,116900,108400.0,108400.0
LYNK & CO 01,Super / Strom,42995,46995,44995.0,44995.0
LYNK & CO 02,Strom,35995,39995,37995.0,37995.0
LYNK & CO 08,Super / Strom,55995,59995,57995.0,57995.0
MASERATI GRANTURISMO,Strom,198654.0,198654.0,198654.0,198654.0
MASERATI GRANTURISMO,Super,158374.0,198574.0,178474.0,178474.0
MASERATI GRECALE,Strom,111422.0,111422.0,111422.0,111422.0
MASERATI GRECALE,Super,83429.0,125353.0,99942.33333333333,91045.0
MAZDA 2,Super,28640.0,42890.0,35377.63888888889,35490.0
MAZDA 2,Super / Strom,24990.0,66800.0,50265.0,57700.0
MAZDA 3,Diesel,50850.0,70250.0,62231.25,62825.0
MAZDA 3,Super,28640.0,41390.0,34572.05128205128,34390.0
MAZDA 6,Strom,44900,48500,46700.0,46700.0
MAZDA CX-30,Super,29440,42890,36371.25,36390.0
MAZDA CX-60,Diesel,50850.0,66300.0,60150.0,62800.0
MAZDA CX-60,Super / Strom,48890.0,62850.0,57506.666666666664,59150.0
MAZDA CX-80,Diesel,59950.0,70250.0,66810.0,66800.0
MAZDA CX-80,Super / Strom,56250.0,66800.0,63210.0,63100.0
MAZDA MX-30,Strom / Super,35990,43240,40110.0,40490.0
MAZDA MX-5,Super,33190,42190,37790.0,37890.0
MERCEDES A-KLASSE,Diesel,39157.0,56590.0,47139.333333333336,46788.0
MERCEDES A-KLASSE,Super,37640.0,59387.0,47897.36842105263,47368.0
MERCEDES A-KLASSE,Super / Strom,44274.0,56977.0,50067.5,50161.5
MERCEDES A-KLASSE,Super Plus,59256.0,64903.0,61755.333333333336,61107.0
MERCEDES AMG GT,Super Plus,113413.0,226802.0,166427.38461538462,171901.0
MERCEDES AMG GT,Super Plus / Strom,212409.0,222191.0,218091.33333333334,219674.0
MERCEDES B-KLASSE,Diesel,40210.0,59107.0,48513.80952380953,47380.0
MERCEDES B-KLASSE,Super,38651.0,61208.0,48536.5,47701.0
MERCEDES B-KLASSE,Super / Strom,47273.0,60315.0,53098.71428571428,52158.0
MERCEDES C-KLASSE,Diesel,52521.0,77832.0,64476.67021276596,64730.5
MERCEDES C-KLASSE,Diesel / Strom,68907.0,85412.0,75933.57894736843,75464.0
MERCEDES C-KLASSE,Super,48028.0,70341.0,58930.046875,58661.0
MERCEDES C-KLASSE,Super / Strom,66527.0,81176.0,72864.13333333333,72185.5
MERCEDES C-KLASSE,Super Plus,59286.0,90815.0,68156.02272727272,65943.5
MERCEDES C-KLASSE,Super Plus / Strom,73429.0,134571.0,92778.4,80581.0
MERCEDES CITAN,Diesel,26208.0,38899.0,32641.46153846154,32784.0
MERCEDES CITAN,Strom,27875.0,35381.0,32102.090909090908,32630.0
MERCEDES CITAN,Super,25365.0,36765.0,31172.0,31646.0
MERCEDES CLA,Diesel,45577.0,64796.0,54000.90740740741,53529.5
MERCEDES CLA,Strom,55859.0,77882.0,65240.75,64861.0
MERCEDES CLA,Super,43286.0,66378.0,53313.898305084746,52187.0
MERCEDES CLA,Super / Strom,51021.0,64165.0,56577.22222222222,56444.5
MERCEDES CLA,Super Plus,66949.0,87114.0,75872.1,73179.0
MERCEDES CLA-KLASSE,Diesel,45577.0,64796.0,54000.90740740741,53529.5
MERCEDES CLA-KLASSE,Strom,55859.0,77882.0,65240.75,64861.0
MERCEDES CLA-KLASSE,Super,43286.0,66378.0,53313.898305084746,52187.0
MERCEDES CLA-KLASSE,Super / Strom,51021.0,64165.0,56577.22222222222,56444.5
MERCEDES CLA-KLASSE,Super Plus,66949.0,87114.0,75872.1,73179.0
MERCEDES CLE,Diesel,61499.0,80200.0,70487.875,70665.5
MERCEDES CLE,Super,54062.0,83484.0,68779.4827586207,68624.5
MERCEDES CLE,Super / Strom,69734.0,75928.0,72202.2,71329.0
MERCEDES CLE,Super Plus,81134.0,127431.0,98137.27777777778,93001.5
MERCEDES E-KLASSE,Diesel,58905.0,101234.0,77448.98245614035,76643.0
MERCEDES E-KLASSE,Diesel / Strom,71995.0,94778.0,84181.52777777778,84764.0
MERCEDES E-KLASSE,Strom,67187.0,145924.0,95615.4,94813.5
MERCEDES E-KLASSE,Super,61999.0,85317.0,74107.25,73926.0
MERCEDES E-KLASSE,Super / Strom,70091.0,94599.0,82290.16666666667,82021.0
MERCEDES E-KLASSE,Super Plus,81777.0,99199.0,91525.26666666666,91208.0
MERCEDES E-KLASSE,Super Plus / Strom,109242.0,142146.0,121089.25,116483.0
MERCEDES EQA,Strom,51610,66961,58833.09523809524,58560.0
MERCEDES EQB,Strom,53514,68734,60695.619047619046,60333.0
MERCEDES EQE,Strom,67187,145924,95615.4,94813.5
MERCEDES EQS,Strom,109551,247401,142136.47222222222,139611.0
MERCEDES EQV,Strom,59205,63472,61335.5,61332.5
MERCEDES G-KLASSE,Diesel,124355.0,160055.0,140428.9,141568.0
MERCEDES G-KLASSE,Strom,142622.0,167969.0,156757.0,159680.0
MERCEDES G-KLASSE,Super Plus,133578.0,199521.0,155735.41666666666,150324.0
"MERCEDES GL-KLASSE, GLS",Diesel,112140.0,134571.0,122901.64285714286,122338.0
"MERCEDES GL-KLASSE, GLS",Super,115585.0,156021.0,134206.41666666666,130388.5
"MERCEDES GL-KLASSE, GLS",Super Plus,191578.0,243272.0,211487.44444444444,213522.0
MERCEDES GLA,Diesel,46642.0,66158.0,55102.305555555555,54933.5
MERCEDES GLA,Strom,51610.0,66961.0,58833.09523809524,58560.0
MERCEDES GLA,Super,45309.0,66711.0,54558.529411764706,53791.0
MERCEDES GLA,Super / Strom,51949.0,64718.0,57338.22222222222,56656.0
MERCEDES GLA,Super Plus,68413.0,87887.0,76943.0,74238.0
MERCEDES GLB,Diesel,48594.0,68550.0,57375.84375,57179.5
MERCEDES GLB,Strom,53514.0,68734.0,60695.619047619046,60333.0
MERCEDES GLB,Super,47261.0,69103.0,56765.0,56021.5
MERCEDES GLB,Super Plus,70365.0,76190.0,72923.33333333333,72215.0
MERCEDES GLC,Diesel,58715.0,95818.0,74587.575,73106.5
MERCEDES GLC,Diesel / Strom,70436.0,87263.0,77895.65,77594.0
MERCEDES GLC,Super,60454.0,77837.0,67866.55,67547.5
MERCEDES GLC,Super / Strom,68889.0,85478.0,75969.65,75800.0
MERCEDES GLC,Super Plus,66325.0,94254.0,76446.08333333333,74062.0
MERCEDES GLC,Super Plus / Strom,72340.0,147685.0,97571.26666666666,82128.0
MERCEDES GLE,Diesel,89101.0,123409.0,107909.71428571429,106261.0
MERCEDES GLE,Diesel / Strom,88982.0,115341.0,104267.18181818182,105172.0
MERCEDES GLE,Super Plus,98133.0,205144.0,137488.63636363635,127143.0
MERCEDES GLE,Super Plus / Strom,93064.0,168897.0,121325.5294117647,112068.0
"MERCEDES GLK, GLC",Diesel,58715.0,95818.0,74587.575,73106.5
"MERCEDES GLK, GLC",Diesel / Strom,70436.0,87263.0,77895.65,77594.0
"MERCEDES GLK, GLC",Super,60454.0,77837.0,67866.55,67547.5
"MERCEDES GLK, GLC",Super / Strom,68889.0,85478.0,75969.65,75800.0
"MERCEDES GLK, GLC",Super Plus,66325.0,94254.0,76446.08333333333,74062.0
"MERCEDES GLK, GLC",Super Plus / Strom,72340.0,147685.0,97571.26666666666,82128.0
MERCEDES GLS,Diesel,112140.0,134571.0,122901.64285714286,122338.0
MERCEDES GLS,Super,115585.0,156021.0,134206.41666666666,130388.5
MERCEDES GLS,Super Plus,191578.0,243272.0,211487.44444444444,213522.0
"MERCEDES ML-KLASSE, GLE",Diesel,89101.0,123409.0,107909.71428571429,106261.0
"MERCEDES ML-KLASSE, GLE",Diesel / Strom,88982.0,115341.0,104267.18181818182,105172.0
"MERCEDES ML-KLASSE, GLE",Super Plus,98133.0,205144.0,137488.63636363635,127143.0
"MERCEDES ML-KLASSE, GLE",Super Plus / Strom,93064.0,168897.0,121325.5294117647,112068.0
MERCEDES S-KLASSE,Diesel,113365.0,143353.0,127347.66666666667,127675.0
MERCEDES S-KLASSE,Strom,109551.0,247401.0,142136.47222222222,139611.0
MERCEDES S-KLASSE,Super,141104.0,183349.0,154257.85714285713,149702.0
MERCEDES S-KLASSE,Super / Strom,127318.0,186086.0,146420.76923076922,144692.0
MERCEDES S-KLASSE,Super Plus,123718.0,238488.0,145816.0,138593.0
MERCEDES S-KLASSE,Super Plus / Strom,210029.0,210029.0,210029.0,210029.0
MERCEDES SL,Super Plus,131489.0,255850.0,175905.125,171901.5
MERCEDES SL,Super Plus / Strom,225624.0,232514.0,229069.0,229069.0
MERCEDES SPRINTER,Diesel,31440.0,77104.0,54557.15246636771,53763.0
MERCEDES SPRINTER,Strom,45211.0,85042.0,58695.125,58767.5
MERCEDES V-KLASSE,Diesel,56192.0,97174.0,75596.3,74986.0
MERCEDES V-KLASSE,Strom,59205.0,63472.0,61335.5,61332.5
MERCEDES V-KLASSE,Super,59881.0,90583.0,72675.66666666667,71560.5
MERCEDES VITO,Diesel,33579.0,65181.0,48653.22424242424,48987.0
MERCEDES VITO,Strom,43056.0,58058.0,50395.9,49488.5
MERCEDES VITO,Super,43174.0,60312.0,50362.333333333336,49766.0
MG CYBERSTER,Strom,64990,69990,67490.0,67490.0
MG EHS,Super / Strom,38990,41490,40240.0,40240.0
MG ROEWE 3,Super / Strom,20640.0,24990.0,22706.666666666668,22490.0
MG ROEWE 3,Super / Super,17990.0,19490.0,18740.0,18740.0
MG ROEWE 4,Strom,35640,42640,39640.0,40640.0
MG ROEWE 5,Strom,35490,39990,37740.0,37740.0
MG ROEWE CYBERSTER,Strom,64990,69990,67490.0,67490.0
MG ROEWE RX6,Super / Strom,38990,41490,40240.0,40240.0
MG ROEWE S5,Strom,37990,44990,41990.0,42990.0
MG ROEWE ZS,Super / Strom,22990.0,27990.0,25656.666666666668,25990.0
MG ROEWE ZS,Super / Super,20990.0,23990.0,22490.0,22490.0
MG ZS,Super / Strom,22990.0,27990.0,25656.666666666668,25990.0
MG ZS,Super / Super,20990.0,23990.0,22490.0,22490.0
MG3,Super / Strom,20640.0,24990.0,22706.666666666668,22490.0
MG3,Super / Super,17990.0,19490.0,18740.0,18740.0
MG4,Strom,35640,42640,39640.0,40640.0
MG5,Strom,35490,39990,37740.0,37740.0
MGS5,Strom,37990,44990,41990.0,42990.0
MINI MINI,Diesel,38300.0,42950.0,40412.5,40200.0
MINI MINI,Strom,27200.0,46150.0,35600.0,34450.0
MINI MINI,Super,27200.0,43700.0,33037.5,32700.0
MINI MINI,Super Plus,36800.0,52900.0,42777.77777777778,42000.0
MITSUBISHI ASX,Super,23990.0,36790.0,29440.0,28390.0
MITSUBISHI ASX,Super / Strom,30490.0,37890.0,34390.0,34790.0
MITSUBISHI COLT,Super,21190.0,24190.0,22723.333333333332,22790.0
MITSUBISHI COLT,Super / Strom,26190.0,29190.0,27756.666666666668,27890.0
MITSUBISHI OUTLANDER,Super / Strom,49990,59490,54115.0,53490.0
NIO EL6,Strom,53500,74500,61750.0,59500.0
NIO ET5,Strom,47500,68500,55750.0,53500.0
NISSAN ARIYA,Strom,43490,63990,54240.0,54990.0
NISSAN JUKE,Super,24950.0,31850.0,29320.0,30050.0
NISSAN JUKE,Super / Strom,29750.0,35150.0,33410.0,34950.0
NISSAN PRIMASTAR,Diesel,42554,73770,51935.92537313433,51432.0
NISSAN QASHQAI,Super,34290.0,48920.0,41445.555555555555,41280.0
NISSAN QASHQAI,Super / Strom,39930.0,49620.0,45018.0,46270.0
NISSAN TOWNSTAR,Strom,36490.0,46493.0,42065.666666666664,42201.0
NISSAN TOWNSTAR,Super,28251.0,39650.0,33692.6875,33501.5
NISSAN X-TRAIL,Super,39700.0,52290.0,46267.5,46540.0
NISSAN X-TRAIL,Super / Strom,42700.0,58790.0,51352.0,51490.0
OPEL ASTRA,Diesel,33640.0,38760.0,36200.0,36200.0
OPEL ASTRA,Strom,37990.0,42560.0,40275.0,40275.0
OPEL ASTRA,Super,29390.0,38110.0,33950.0,33890.0
OPEL ASTRA,Super / Strom,38460.0,48760.0,43350.0,42830.0
OPEL COMBO,Diesel,27846.0,32840.0,30375.125,30505.5
OPEL COMBO,Strom,37485.0,42600.0,39951.125,39975.0
OPEL COMBO,Super,26180.0,26180.0,26180.0,26180.0
OPEL CORSA,Strom,29990.0,33385.0,31703.333333333332,31687.5
OPEL CORSA,Super,22890.0,30400.0,26887.5,27035.0
OPEL FRONTERA,Strom,28990.0,34990.0,32556.666666666668,32740.0
OPEL FRONTERA,Super,24190.0,30290.0,27918.571428571428,27990.0
OPEL GRANDLAND,Diesel,26500.0,46040.0,35450.846153846156,35105.0
OPEL GRANDLAND,Strom,46750.0,59990.0,51878.0,50950.0
OPEL GRANDLAND,Super,23700.0,44850.0,33102.32653061225,32643.0
OPEL GRANDLAND,Super / Strom,40150.0,59000.0,48134.820512820515,47330.0
OPEL GRANDLAND X,Diesel,26500.0,46040.0,35078.11724137931,34715.0
OPEL GRANDLAND X,Strom,46750.0,59990.0,51878.0,50950.0
OPEL GRANDLAND X,Super,23700.0,44850.0,32503.130952380954,31950.0
OPEL GRANDLAND X,Super / Strom,40150.0,59000.0,47972.649122807015,47330.0
OPEL MOKKA,Strom,36740.0,47300.0,41010.0,38990.0
OPEL MOKKA,Super,26890.0,32140.0,29681.666666666668,29515.0
OPEL MOVANO,Diesel,41293.0,58310.0,50255.19117647059,50337.5
OPEL MOVANO,Strom,65450.0,68663.0,67005.5,67116.0
OPEL ZAFIRA LIFE,Diesel,40990.0,49540.0,45265.0,45265.0
OPEL ZAFIRA LIFE,Strom,47550.0,62100.0,54825.0,54825.0
PEUGEOT 2008,Strom,40550.0,47000.0,43410.0,43150.0
PEUGEOT 2008,Super,28540.0,40220.0,34657.27272727273,34540.0
PEUGEOT 208,Strom,36525.0,41025.0,38600.0,38425.0
PEUGEOT 208,Super,24130.0,32385.0,28113.333333333332,28015.0
PEUGEOT 3008,Strom,48750.0,60000.0,53741.666666666664,52925.0
PEUGEOT 3008,Super,41000.0,48340.0,44478.333333333336,44520.0
PEUGEOT 308,Diesel,35390.0,41980.0,38375.0,37755.0
PEUGEOT 308,Strom,42435.0,49790.0,45713.333333333336,44915.0
PEUGEOT 308,Super,34110.0,40700.0,37095.0,36475.0
PEUGEOT 308,Super / Strom,41045.0,45745.0,43395.0,43395.0
PEUGEOT 408,Strom,46700.0,50310.0,48505.0,48505.0
PEUGEOT 408,Super,40970.0,45570.0,42936.666666666664,42270.0
PEUGEOT 408,Super / Strom,47600.0,51800.0,49566.666666666664,49300.0
PEUGEOT 5008,Strom,51250.0,62500.0,56241.666666666664,55425.0
PEUGEOT 5008,Super,43860.0,51340.0,47441.666666666664,47550.0
PEUGEOT 508,Super / Strom,52000,72100,59400.0,54100.0
PEUGEOT BOXER,Diesel,41472.0,58072.0,50023.35294117647,50099.5
PEUGEOT BOXER,Strom,64260.0,67473.0,65815.5,65926.0
PEUGEOT EXPERT,Diesel,37485.0,52122.0,44387.0,44208.5
PEUGEOT EXPERT,Strom,44330.0,59857.0,51031.71428571428,50830.0
PEUGEOT RIFTER,Diesel,27790.0,31690.0,29656.666666666668,29490.0
PEUGEOT RIFTER,Strom,38540.0,42670.0,40542.0,40290.0
POLESTAR 2,Strom,48990,66990,56415.0,54840.0
POLESTAR 3,Strom,78590,92190,85456.66666666667,85590.0
POLESTAR 4,Strom,61900,69900,65900.0,65900.0
PORSCHE 911,Super Plus,136300.0,274000.0,183653.5625,173100.0
PORSCHE 911,Super Plus / Strom,175500.0,285200.0,217612.5,197900.0
PORSCHE BOXSTER,Super Plus,158700,158700,158700.0,158700.0
PORSCHE CAYENNE,Super Plus,101500.0,147200.0,122225.0,119250.0
PORSCHE CAYENNE,Super Plus / Strom,115900.0,217500.0,147945.45454545456,130400.0
PORSCHE CAYMAN,Super Plus,158700,158700,158700.0,158700.0
PORSCHE MACAN,Strom,80700,114600,92525.0,87400.0
PORSCHE PANAMERA,Super Plus,116400.0,171200.0,136000.0,120400.0
PORSCHE PANAMERA,Super Plus / Strom,130400.0,247400.0,184200.0,174950.0
PORSCHE TAYCAN,Strom,102600,241100,147211.7037037037,127522.0
RENAULT ARKANA,Super / Strom,33200,37250,35225.0,35225.0
RENAULT AUSTRAL,Super,34700.0,39600.0,37000.0,36700.0
RENAULT AUSTRAL,Super / Strom,39250.0,44150.0,41550.0,41250.0
RENAULT CAPTUR,Super,23490.0,32900.0,27465.0,27100.0
RENAULT CAPTUR,Super / Strom,28250.0,33050.0,30516.666666666668,30250.0
RENAULT CLIO,Super,19350.0,23000.0,20668.0,20250.0
RENAULT CLIO,Super / Strom,23400.0,26800.0,24983.333333333332,24750.0
RENAULT ESPACE,Super / Strom,43800,48300,46233.333333333336,46600.0
RENAULT KANGOO,Diesel,26180.0,35200.0,30366.764705882353,30345.0
RENAULT KANGOO,Strom,35850.0,43126.0,40161.07692307692,40250.0
RENAULT KANGOO,Super,26900.0,35100.0,31200.0,31300.0
RENAULT MASTER,Diesel,41995.0,54014.0,48515.828125,48659.0
RENAULT MASTER,Strom,61630.0,64605.0,63117.5,63117.5
RENAULT MEGANE,Strom,40900,44900,42900.0,42900.0
RENAULT R4,Strom,29400,36400,33150.0,33400.0
RENAULT R5,Strom,27900,155000,47287.5,32150.0
RENAULT RAFALE,Super / Strom,43800,57800,50800.0,50800.0
RENAULT SCENIC,Strom,40400,51300,46520.0,47900.0
RENAULT SYMBIOZ,Super,28500.0,30300.0,29400.0,29400.0
RENAULT SYMBIOZ,Super / Strom,29490.0,35800.0,33172.5,33700.0
RENAULT TRAFIC,Diesel,38735.0,63510.0,47706.56363636364,46291.0
RENAULT TRAFIC,Strom,45220.0,49623.0,47362.0,47124.0
ROLLS ROYCE CULLINAN,Super Plus,307400,364820,336110.0,336110.0
ROLLS ROYCE SPECTRE,Strom,389000,389000,389000.0,389000.0
SEAT ARONA,Super,22520,34145,29108.846153846152,29130.0
SEAT ATECA,Diesel,39480.0,43100.0,41527.5,41765.0
SEAT ATECA,Super,29290.0,39790.0,35924.545454545456,36520.0
SEAT BORN,Strom,40450,52870,45975.0,45645.0
SEAT FORMENTOR,Diesel,45735.0,45735.0,45735.0,45735.0
SEAT FORMENTOR,Super,41115.0,64200.0,52455.555555555555,51890.0
SEAT FORMENTOR,Super / Strom,49290.0,61010.0,54750.0,54350.0
SEAT IBIZA,Super,18830,32620,25900.277777777777,25760.0
SEAT LEON,Diesel,32490.0,41120.0,36589.375,36442.5
SEAT LEON,Super,28530.0,38690.0,33598.125,33515.0
SEAT LEON,Super / Strom,38925.0,44220.0,41653.125,41602.5
SEAT TAVASCAN,Strom,53340,57910,55625.0,55625.0
SEAT TERRAMAR,Super,43020.0,56620.0,49580.0,49100.0
SEAT TERRAMAR,Super / Strom,51120.0,57530.0,54325.0,54325.0
SKODA ELROQ,Strom,33900,53050,44928.75,45315.0
SKODA ENYAQ,Strom,44400,60850,53310.71428571428,53200.0
SKODA FABIA,Super,19690,30310,25285.625,25660.0
SKODA KAMIQ,Super,25330,37260,31403.333333333332,31730.0
SKODA KAROQ,Diesel,37270.0,48670.0,43185.0,43590.0
SKODA KAROQ,Super,33930.0,46390.0,39087.77777777778,38180.0
SKODA KODIAQ,Diesel,46500.0,55200.0,50850.0,50850.0
SKODA KODIAQ,Super,42990.0,57900.0,49856.0,48200.0
SKODA KODIAQ,Super / Strom,48530.0,53030.0,50780.0,50780.0
SKODA OCTAVIA,Diesel,31510.0,43350.0,37755.0,37880.0
SKODA OCTAVIA,Super,27790.0,48570.0,37142.142857142855,36590.0
SKODA SCALA,Super,24390,35860,30378.88888888889,30460.0
SKODA SUPERB,Diesel,44100.0,59480.0,52668.75,53425.0
SKODA SUPERB,Super,39900.0,58980.0,50936.5,51625.0
SKODA SUPERB,Super / Strom,50950.0,58850.0,55753.333333333336,57505.0
SMART #1,Strom,36990,52490,44347.142857142855,44490.0
SMART #3,Strom,40490,53490,47390.0,48490.0
SMART #5,Strom,45900,60900,54233.333333333336,55400.0
SMART 1,Strom,36990,52490,44347.142857142855,44490.0
SMART 3,Strom,40490,53490,47390.0,48490.0
SMART 5,Strom,45900,60900,54233.333333333336,55400.0
SUBARU CROSSTREK,Super,34790,40770,37925.0,38070.0
SUBARU FORESTER,Super,40490,49190,44802.5,44765.0
SUBARU IMPREZA,Super,35260,37870,36565.0,36565.0
SUBARU OUTBACK,Super,46690,51790,49315.0,49390.0
SUZUKI SWACE,Super / Strom,37190,37190,37190.0,37190.0
SUZUKI SWIFT,Super,20000,24750,22818.75,22975.0
SUZUKI SX4,Diesel,26390.0,31490.0,29223.333333333332,29790.0
SUZUKI SX4,Super,19790.0,33590.0,26257.82608695652,25390.0
SUZUKI VITARA,Super,27500.0,33550.0,30440.0,31000.0
SUZUKI VITARA,Super / Strom,31300.0,36050.0,33675.0,33675.0
TESLA MODEL 3,Strom,39990,58490,48365.0,47490.0
TESLA MODEL S,Strom,69019,145420,94202.9375,85450.0
TESLA MODEL X,Strom,83200,156900,111187.27272727272,113300.0
TESLA MODEL Y,Strom,44990,61990,52490.0,51490.0
TOYOTA AYGO,Super,18090,25790,21610.0,21180.0
TOYOTA BZ4,Strom,42900,55990,49481.0,50240.0
TOYOTA BZ4X,Strom,42900,55990,49481.0,50240.0
TOYOTA C-HR,Super / Strom,33990,49990,43036.153846153844,42990.0
TOYOTA CAMRY,Super / Strom,38982,48590,43626.0,44190.0
TOYOTA COROLLA,Super / Strom,33340,48890,39631.36363636364,39040.0
TOYOTA LAND CRUISER,Diesel,67990,91490,80706.66666666667,83240.0
TOYOTA LANDCRUISER,Diesel,67990,91490,80706.66666666667,83240.0
TOYOTA MIRAI,Wasserstoff,68490,77790,73665.0,74190.0
TOYOTA PRIUS,Super / Strom,45990,53490,49156.666666666664,47990.0
TOYOTA PROACE,Diesel,25885.0,60225.0,43387.3893129771,43670.0
TOYOTA PROACE,Strom,36432.0,71138.0,53045.06976744186,51111.0
TOYOTA PROACE,Super,24265.0,33260.0,28182.5,27607.5
TOYOTA RAV 4,Super / Strom,40990,64990,53805.38461538462,54590.0
TOYOTA RAV4,Super / Strom,40990,64990,53805.38461538462,54590.0
TOYOTA SUPRA,Super,63250,142800,89562.5,76100.0
TOYOTA YARIS,Super,51990.0,54490.0,53240.0,53240.0
TOYOTA YARIS,Super / Strom,25500.0,39990.0,31788.666666666668,31900.0
VINFAST VF 6,Strom,34990,38990,36990.0,36990.0
VINFAST VF 8,Strom,48490,54490,51490.0,51490.0
VOLVO 60,Super,48590.0,61690.0,54315.0,53490.0
VOLVO 60,Super / Strom,59990.0,75890.0,69971.81818181818,71290.0
VOLVO 90,Diesel,48600.0,77850.0,62967.765625,63199.5
VOLVO 90,Super,50300.0,77150.0,65177.083333333336,65925.0
VOLVO 90,Super / Strom,68990.0,83690.0,76452.34146341463,75800.0
VOLVO C40,Strom,47500,65450,57921.42857142857,58300.0
VOLVO EX30,Strom,38490,57290,47856.666666666664,48490.0
VOLVO EX90,Strom,85990,109790,98347.14285714286,99990.0
VOLVO V60,Super,48590.0,61690.0,54315.0,53490.0
VOLVO V60,Super / Strom,59990.0,75890.0,69971.81818181818,71290.0
VOLVO V90,Diesel,48600.0,77850.0,62967.765625,63199.5
VOLVO V90,Super,50300.0,77150.0,65177.083333333336,65925.0
VOLVO V90,Super / Strom,68990.0,83690.0,76452.34146341463,75800.0
VOLVO XC40,Diesel,34550.0,51349.0,42635.79245283019,42050.0
VOLVO XC40,Strom,47500.0,64900.0,56938.23529411765,56150.0
VOLVO XC40,Super,32200.0,58550.0,44823.03846153846,45100.0
VOLVO XC40,Super / Strom,46900.0,59950.0,52948.69565217391,52200.0
VOLVO XC60,Super,57390.0,70490.0,63256.666666666664,62990.0
VOLVO XC60,Super / Strom,67990.0,87590.0,77934.375,78690.0
VOLVO XC90,Super,81390.0,92290.0,86950.0,86690.0
VOLVO XC90,Super / Strom,88990.0,98690.0,93890.0,93790.0
VW ARTEON,Diesel,43300.0,60980.0,53647.36842105263,53660.0
VW ARTEON,Super,46440.0,62760.0,55234.166666666664,54297.5
VW ARTEON,Super / Strom,49385.0,52050.0,50717.5,50717.5
VW ARTEON,Super Plus,62900.0,70875.0,67828.33333333333,69710.0
VW CADDY,Diesel,32100.0,48022.0,41566.984375,41906.0
VW CADDY,Super,30113.0,43352.0,37917.52272727273,38297.0
VW CADDY,Super / Strom,44351.0,52835.0,49188.05,49310.0
VW CRAFTER,Diesel,54978,80248,68029.6338028169,68485.0
VW GOLF,Diesel,32995.0,43375.0,39192.857142857145,40140.0
VW GOLF,Super,29395.0,60235.0,39396.71428571428,37515.0
VW GOLF,Super / Strom,44205.0,48490.0,45993.75,45640.0
VW ID. BUZZ,Strom,49998,75065,61397.72727272727,61077.0
VW ID.3,Strom,33330,57520,44596.6,45327.5
VW ID.4,Strom,40335,55045,49583.0,50507.5
"VW ID.4, ID.5",Strom,40335,56455,50178.529411764706,51995.0
VW ID.5,Strom,42970,56455,51029.28571428572,52140.0
VW ID.7,Strom,54105,64065,59221.666666666664,59495.0
VW PASSAT,Diesel,44365.0,62460.0,54682.857142857145,56325.0
VW PASSAT,Super,42540.0,64540.0,51591.666666666664,47695.0
VW PASSAT,Super / Strom,53280.0,68245.0,61667.0,61915.0
VW POLO,Super,20135,35980,28312.63157894737,28480.0
VW T-CROSS,Super,24960,37285,31775.0,32240.0
VW T-ROC,Super,30845,44980,39741.78571428572,40855.0
VW TAIGO,Super,23240,37105,31560.0,32175.0
VW TAYRON,Diesel,53755.0,60330.0,56550.0,54580.0
VW TAYRON,Super,46215.0,60605.0,53887.5,54012.5
VW TAYRON,Super / Strom,54165.0,62205.0,59383.0,59915.0
VW TIGUAN,Diesel,43465.0,58630.0,51822.77777777778,51925.0
VW TIGUAN,Super,38850.0,58965.0,48709.166666666664,48937.5
VW TIGUAN,Super / Strom,51510.0,60505.0,56856.666666666664,57592.5
VW TOUAREG,Diesel,74925.0,90045.0,82704.16666666667,83142.5
VW TOUAREG,Super,78855.0,89670.0,84481.66666666667,84920.0
VW TOUAREG,Super / Strom,81880.0,102155.0,92017.5,92017.5
VW TOURAN,Diesel,43095.0,52825.0,47849.0,48350.0
VW TOURAN,Super,41995.0,48885.0,45282.5,45292.5
VW TRANSPORTER,Diesel,43768.0,88775.0,58578.77027027027,58158.0
VW TRANSPORTER,Strom,59310.0,79724.0,68482.52222222222,67895.5
VW TRANSPORTER,Super,56596.0,88995.0,69302.66666666667,66810.0
VW TRANSPORTER,Super / Strom,55258.0,102847.0,71282.0,64037.0
XPENG G6,Strom,47600,51600,49600.0,49600.0
XPENG G9,Strom,59600,72600,65266.666666666664,63600.0
XPENG P7,Strom,49600,58600,54100.0,54100.0
