NAME,fuelType,registrations,min_price,max_price,avg_price,med_price,frac_bev_nearby,frac_ice_nearby,frac_phev_nearby,frac_other_nearby,frac_nearby
DACIA SPRING,BEV,315,16900.0,19900.0,18400.0,18400.0,0.0816706570896515,0.9183293429103485,0.0,0.0,0.0816706570896515
FIAT 500,BEV,928,24990.0,37990.0,31061.428571428572,30990.0,0.10442316461468308,0.8931617435949402,0.002415091790376788,0.0,0.10442316461468308
FIAT PANDA,ICE,84,18990.0,24990.0,21823.333333333332,21490.0,0.08409003708914184,0.9159099629108581,0.0,0.0,0.9159099629108581
HYUNDAI I 10,ICE,1193,16990.0,22190.0,19838.75,19575.0,0.06439142253095742,0.9356085774690426,0.0,0.0,0.9356085774690426
KIA PICANTO,ICE,736,17850.0,22550.0,20250.0,20550.0,0.10613397901533494,0.893866020984665,0.0,0.0,0.893866020984665
LEAPMOTOR T03,BEV,606,18900.0,18900.0,18900.0,18900.0,0.0599921834288692,0.9400078165711307,0.0,0.0,0.0599921834288692
TOYOTA AYGO,ICE,1240,18090.0,25790.0,21610.0,21180.0,0.0953520411862809,0.9046479588137191,0.0,0.0,0.9046479588137191
ALPINE A290,BEV,75,38700.0,46200.0,42640.0,41900.0,0.16722945436762068,0.7525441885377611,0.0802263570946182,0.0,0.16722945436762068
AUDI A1,ICE,1058,22950.0,33050.0,26905.0,26300.0,0.10434360079435501,0.895656399205645,0.0,0.0,0.895656399205645
BYD DOLPHIN SURF,BEV,136,22990.0,30990.0,26990.0,26990.0,0.11757201646090534,0.8824279835390947,0.0,0.0,0.11757201646090534
CITROEN C3,BEV,553,19990.0,32890.0,26705.416666666668,26811.0,0.11949974903797891,0.8805002509620211,0.0,0.0,0.11949974903797891
CITROEN C3,ICE,930,15990.0,27590.0,21772.222222222223,21100.0,0.0953520411862809,0.9046479588137191,0.0,0.0,0.9046479588137191
DS 3,ICE,1,33190.0,38990.0,35790.0,35190.0,0.10374203319240234,0.8647188742348709,0.0315390925727267,0.0,0.8647188742348709
FIAT GRANDE PANDA,BEV,145,24990.0,27990.0,26490.0,26490.0,0.10531684304475328,0.8946831569552467,0.0,0.0,0.10531684304475328
FIAT GRANDE PANDA,ICE,111,18990.0,24990.0,21823.333333333332,21490.0,0.08409003708914184,0.9159099629108581,0.0,0.0,0.9159099629108581
FORD PUMA,BEV,345,36900.0,42400.0,39566.666666666664,39400.0,0.1769102576858024,0.7709680628793155,0.0521216794348821,0.0,0.1769102576858024
FORD PUMA,ICE,1036,28900.0,40950.0,34296.153846153844,33750.0,0.10499705908118187,0.8792220956862352,0.015780845232582878,0.0,0.8792220956862352
HONDA JAZZ,ICE,114,26950.0,31100.0,29462.5,29900.0,0.106632634323699,0.8927613941018767,0.000605971574424327,0.0,0.8927613941018767
HYUNDAI I 20,ICE,597,20300.0,28000.0,24875.0,25650.0,0.11407128605115183,0.8859287139488482,0.0,0.0,0.8859287139488482
HYUNDAI INSTER,BEV,875,23900.0,30100.0,26966.666666666668,26650.0,0.09364505295789202,0.906354947042108,0.0,0.0,0.09364505295789202
MAZDA 2,ICE,358,28640.0,42890.0,35377.63888888889,35490.0,0.09889075196698052,0.8688765639107442,0.03223268412227525,0.0,0.8688765639107442
MG ROEWE 3,ICE,293,17990.0,19490.0,18740.0,18740.0,0.0816706570896515,0.9183293429103485,0.0,0.0,0.9183293429103485
MINI MINI,BEV,1364,27200.0,46150.0,35600.0,34450.0,0.10964969567148193,0.8671142342154071,0.023236070113110942,0.0,0.10964969567148193
MINI MINI,ICE,1497,27200.0,52900.0,38742.59259259259,40200.0,0.17755575422234035,0.7667625099668978,0.055681735810761836,0.0,0.7667625099668978
MITSUBISHI COLT,ICE,310,21190.0,24190.0,22723.333333333332,22790.0,0.07232029918055326,0.9276797008194467,0.0,0.0,0.9276797008194467
NISSAN JUKE,ICE,389,24950.0,31850.0,29320.0,30050.0,0.10671465031305657,0.8926794337440097,0.0006059159429337348,0.0,0.8926794337440097
OPEL CORSA,BEV,491,29990.0,33385.0,31703.333333333332,31687.5,0.1055610355589334,0.8921265826878608,0.002312381753205802,0.0,0.1055610355589334
OPEL CORSA,ICE,3516,22890.0,30400.0,26887.5,27035.0,0.11757201646090534,0.8824279835390947,0.0,0.0,0.8824279835390947
PEUGEOT 208,BEV,148,36525.0,41025.0,38600.0,38425.0,0.17378357995474997,0.7719813798663303,0.05423504017891972,0.0,0.17378357995474997
PEUGEOT 208,ICE,767,24130.0,32385.0,28113.333333333332,28015.0,0.11054460739382829,0.8894553926061717,0.0,0.0,0.8894553926061717
RENAULT CLIO,ICE,632,19350.0,23000.0,20668.0,20250.0,0.10866870506569705,0.891331294934303,0.0,0.0,0.891331294934303
RENAULT R4,BEV,168,29400.0,36400.0,33150.0,33400.0,0.10415622807896582,0.8800481010121255,0.01579567090890871,0.0,0.10415622807896582
RENAULT R5,BEV,552,27900.0,155000.0,47287.5,32150.0,0.10066500913638679,0.892145702902675,0.007189287960938202,0.0,0.10066500913638679
SEAT IBIZA,ICE,1860,18830.0,32620.0,25900.277777777777,25760.0,0.11066385112841494,0.8893361488715851,0.0,0.0,0.8893361488715851
SKODA FABIA,ICE,1618,19690.0,30310.0,25285.625,25660.0,0.11407128605115183,0.8859287139488482,0.0,0.0,0.8859287139488482
SUZUKI SWIFT,ICE,674,20000.0,24750.0,22818.75,22975.0,0.07232029918055326,0.9276797008194467,0.0,0.0,0.9276797008194467
TOYOTA YARIS,ICE,2532,51990.0,54490.0,53240.0,53240.0,0.2924100732898006,0.5542307068033411,0.15335921990685827,0.0,0.5542307068033411
VW POLO,ICE,2660,20135.0,35980.0,28312.63157894737,28480.0,0.11527968616205668,0.8847203138379434,0.0,0.0,0.8847203138379434
AUDI A3,PHEV,905,44200.0,47700.0,45870.0,46000.0,0.18427372853560736,0.7147920479913666,0.10093422347302601,0.0,0.10093422347302601
AUDI A3,ICE,1996,31300.0,68000.0,45364.516129032265,39200.0,0.1769102576858024,0.7709680628793155,0.0521216794348821,0.0,0.7709680628793155
BMW 1ER,ICE,2124,33600.0,59600.0,43585.71428571429,42925.0,0.18255734624719,0.7397134644850302,0.07772918926777986,0.0,0.7397134644850302
BMW 2ER,PHEV,56,48500.0,56000.0,52375.0,52250.0,0.2991833704528582,0.5388475027519648,0.16196912679517703,0.0,0.16196912679517703
BMW 2ER,ICE,1351,36200.0,115000.0,49059.466374269,46850.0,0.21288647876074573,0.6812745654412846,0.1058389557979696,0.0,0.6812745654412846
BYD DOLPHIN,BEV,9,22990.0,36640.0,30450.0,30990.0,0.10442316461468308,0.8931617435949402,0.002415091790376788,0.0,0.10442316461468308
CITROEN C4,BEV,17,31900.0,37300.0,34366.666666666664,34100.0,0.10778712203890352,0.8760223406304166,0.01619053733067985,0.0,0.10778712203890352
CITROEN C4,ICE,882,23990.0,30770.0,27764.166666666668,27920.0,0.11054460739382829,0.8894553926061717,0.0,0.0,0.8894553926061717
DACIA SANDERO,ICE,1840,12490.0,19490.0,15990.0,16140.0,0.08947828621393179,0.9105217137860682,0.0,0.0,0.9105217137860682
DS 4,BEV,3,45900.0,51100.0,48633.333333333336,48900.0,0.2464084201388889,0.6236328125,0.12995876736111112,0.0,0.2464084201388889
DS 4,ICE,19,38640.0,47640.0,42940.0,42740.0,0.1851814162794116,0.736734393903418,0.07808418981717039,0.0,0.736734393903418
FIAT TIPO,ICE,42,19990.0,20490.0,20240.0,20240.0,0.10967472894078399,0.890325271059216,0.0,0.0,0.890325271059216
FORD FOCUS,ICE,1135,32100.0,49850.0,37437.28991596639,36962.5,0.16506349085171895,0.79520065144922,0.039735857699060996,0.0,0.79520065144922
HONDA CIVIC,ICE,59,58900.0,65900.0,62400.0,62400.0,0.2777076040275723,0.5517701829730413,0.17052221299938647,0.0,0.5517701829730413
HYUNDAI I 30,ICE,544,27990.0,35150.0,31710.0,31820.0,0.10553389992970796,0.8921816090485015,0.00228449102179053,0.0,0.8921816090485015
KIA CEED,ICE,1279,27390.0,33990.0,30034.444444444445,29690.0,0.10684840548167548,0.8931515945183245,0.0,0.0,0.8931515945183245
MAZDA 3,ICE,443,28640.0,70250.0,48401.65064102564,48607.5,0.2281076595965358,0.6476689311829072,0.12422340922055697,0.0,0.6476689311829072
MAZDA MX-5,ICE,143,33190.0,42190.0,37790.0,37890.0,0.16846301682942033,0.7773737793476002,0.05416320382297943,0.0,0.7773737793476002
MERCEDES A-KLASSE,PHEV,125,44274.0,56977.0,50067.5,50161.5,0.26863133398225536,0.5869723313082491,0.14439633470949553,0.0,0.14439633470949553
MERCEDES A-KLASSE,ICE,1229,37640.0,64903.0,52264.01169590643,47368.0,0.21902769390044,0.670455525839013,0.11051678026054698,0.0,0.670455525839013
MG ROEWE 4,BEV,476,35640.0,42640.0,39640.0,40640.0,0.17244080880235035,0.757370816291261,0.07018837490638861,0.0,0.17244080880235035
OPEL ASTRA,PHEV,518,38460.0,48760.0,43350.0,42830.0,0.18264722666696506,0.740077655562891,0.07727511777014401,0.0,0.07727511777014401
OPEL ASTRA,BEV,89,37990.0,42560.0,40275.0,40275.0,0.17720038582107547,0.7652278755727031,0.05757173860622136,0.0,0.17720038582107547
OPEL ASTRA,ICE,1726,29390.0,38760.0,35075.0,35045.0,0.11429325424751181,0.8543028048657887,0.03140394088669951,0.0,0.8543028048657887
PEUGEOT 308,PHEV,66,41045.0,45745.0,43395.0,43395.0,0.18442609059170462,0.736416328651971,0.07915758075632436,0.0,0.07915758075632436
PEUGEOT 308,BEV,26,42435.0,49790.0,45713.333333333336,44915.0,0.18347914765713058,0.7247061349363964,0.09181471740647308,0.0,0.18347914765713058
PEUGEOT 308,ICE,333,34110.0,41980.0,37735.0,37115.0,0.1658569638702089,0.7941266716101153,0.04001636451967578,0.0,0.7941266716101153
RENAULT MEGANE,BEV,35,40900.0,44900.0,42900.0,42900.0,0.18255734624719,0.7397134644850302,0.07772918926777986,0.0,0.18255734624719
SEAT BORN,BEV,1134,40450.0,52870.0,45975.0,45645.0,0.18274451468947564,0.7241141157095043,0.09314136960102003,0.0,0.18274451468947564
SEAT LEON,PHEV,723,38925.0,44220.0,41653.125,41602.5,0.16784136829245372,0.7585988159007612,0.07355981580678507,0.0,0.07355981580678507
SEAT LEON,ICE,2397,28530.0,41120.0,35093.75,34978.75,0.10962745865915437,0.8588031683068255,0.03156937303402014,0.0,0.8588031683068255
SKODA OCTAVIA,ICE,2559,27790.0,48570.0,37448.57142857143,37235.0,0.1717868587621494,0.7849651738658333,0.04324796737201727,0.0,0.7849651738658333
SKODA SCALA,ICE,441,24390.0,35860.0,30378.88888888889,30460.0,0.11249930487330158,0.8848499453166997,0.0026507498099987026,0.0,0.8848499453166997
SUBARU IMPREZA,ICE,17,35260.0,37870.0,36565.0,36565.0,0.10313335017215479,0.8616912380521915,0.035175411775653725,0.0,0.8616912380521915
SUZUKI SWACE,ICE,97,37190.0,37190.0,37190.0,37190.0,0.16485583215787936,0.7953693467017396,0.03977482114038097,0.0,0.7953693467017396
TOYOTA COROLLA,ICE,940,33340.0,48890.0,39631.36363636364,39040.0,0.17710408366533864,0.7709661354581673,0.051929780876494025,0.0,0.7709661354581673
TOYOTA PRIUS,PHEV,20,45990.0,53490.0,49156.666666666664,47990.0,0.22612091860646774,0.6503671301359163,0.12351195125761599,0.0,0.12351195125761599
VW GOLF,PHEV,477,44205.0,48490.0,45993.75,45640.0,0.18274451468947564,0.7241141157095043,0.09314136960102003,0.0,0.09314136960102003
VW GOLF,ICE,4155,29395.0,60235.0,39294.78571428571,38827.5,0.1751671774003449,0.7730853690309294,0.05174745356872573,0.0,0.7730853690309294
VW ID.3,BEV,2350,33330.0,57520.0,44596.6,45327.5,0.184644513054423,0.7210538205837107,0.09430166636186624,0.0,0.184644513054423
ALFA ROMEO GIULIA,ICE,85,56000.0,66500.0,61333.333333333336,61500.0,0.2759805832122737,0.5454770931509761,0.17854232363675016,0.0,0.5454770931509761
AUDI A4,ICE,68,33240.0,142905.0,60115.4192031283,48012.5,0.22612091860646774,0.6503671301359163,0.12351195125761599,0.0,0.6503671301359163
AUDI A5,PHEV,365,62500.0,80490.0,71495.0,71495.0,0.1841938390681841,0.5614925074258252,0.2543136535059907,6.674899042151987e-05,0.2543136535059907
AUDI A5,ICE,1340,45200.0,81660.0,60836.875,59070.0,0.26748758749487556,0.557689679780143,0.1748227327249814,0.0,0.557689679780143
BMW 3ER,PHEV,372,42150.0,72170.0,55773.333333333336,55885.0,0.31712479166115504,0.5248683827614488,0.15800682557739623,0.0,0.15800682557739623
BMW 3ER,ICE,2101,46600.0,152900.0,66282.67948717948,61765.0,0.2923406011933801,0.5185574361091305,0.1891019626974894,0.0,0.5185574361091305
BMW 4ER,BEV,742,57600.0,72900.0,65524.444444444445,65020.0,0.2515713280842277,0.5066143268816229,0.24181434503414945,4.5381316511992015e-05,0.2515713280842277
BMW 4ER,ICE,624,53300.0,112700.0,71173.39285714286,68270.0,0.22255793250424882,0.5056246459305619,0.27181742156518923,5.3953438182848204e-05,0.5056246459305619
BYD SEAL,PHEV,41,39990.0,49990.0,45156.666666666664,44490.0,0.1822849529339125,0.7378814302891125,0.079833616776975,0.0,0.079833616776975
BYD SEAL,BEV,239,42990.0,52990.0,47690.0,46990.0,0.21858342145585602,0.670846192027969,0.11057038651617498,0.0,0.21858342145585602
CITROEN C5,PHEV,4,38990.0,42990.0,40990.0,40990.0,0.169532018550616,0.7591230617885417,0.07134491966084228,0.0,0.07134491966084228
CITROEN C5,ICE,677,33990.0,46000.0,39806.0,39990.0,0.17813249945458512,0.7660048966135796,0.05586260393183526,0.0,0.7660048966135796
GWM ORA 07,BEV,4,41990.0,53490.0,46656.666666666664,44490.0,0.1822849529339125,0.7378814302891125,0.079833616776975,0.0,0.1822849529339125
HYUNDAI G70,ICE,18,40280.0,53080.0,48275.25,49075.0,0.2515368682225496,0.6157995591541964,0.13266357262325407,0.0,0.6157995591541964
HYUNDAI IONIQ6,BEV,53,43900.0,75000.0,57400.0,57100.0,0.2682871260341464,0.5825679581927179,0.14914491577313568,0.0,0.2682871260341464
MAZDA 6,BEV,153,44900.0,48500.0,46700.0,46700.0,0.21249790198053037,0.6835242531050688,0.1039778449144008,0.0,0.21249790198053037
MERCEDES C-KLASSE,PHEV,263,66527.0,134571.0,80525.37076023391,75464.0,0.16684878540808606,0.5345465243338657,0.29860469025804826,8.405480373203328e-05,0.29860469025804826
MERCEDES C-KLASSE,ICE,1114,48028.0,90815.0,63854.24660501289,64730.5,0.24485051979079228,0.5204580185531952,0.23469146165601257,4.304685650330385e-05,0.5204580185531952
MERCEDES CLA-KLASSE,PHEV,159,51021.0,64165.0,56577.22222222222,56444.5,0.269552972281695,0.5657609242308853,0.16468610348741972,0.0,0.16468610348741972
MERCEDES CLA-KLASSE,BEV,557,55859.0,77882.0,65240.75,64861.0,0.25407035175879394,0.5024008933556672,0.2435287548855388,4.4667783361250695e-05,0.25407035175879394
MERCEDES CLA-KLASSE,ICE,892,43286.0,87114.0,61062.30190416405,53529.5,0.30274632305089155,0.545893531172719,0.15136014577638943,0.0,0.545893531172719
MG ROEWE 5,BEV,2,35490.0,39990.0,37740.0,37740.0,0.16947757586842072,0.7760330254614812,0.05448939867009811,0.0,0.16947757586842072
NIO ET5,BEV,12,47500.0,68500.0,55750.0,53500.0,0.30421342477140484,0.5447449085619285,0.15104166666666666,0.0,0.30421342477140484
PEUGEOT 408,PHEV,166,47600.0,51800.0,49566.666666666664,49300.0,0.25254951678733084,0.6109832182297401,0.13646726498292908,0.0,0.13646726498292908
PEUGEOT 408,BEV,3,46700.0,50310.0,48505.0,48505.0,0.22861746361746363,0.6491164241164241,0.12226611226611227,0.0,0.22861746361746363
PEUGEOT 408,ICE,186,40970.0,45570.0,42936.666666666664,42270.0,0.170580334398592,0.7496410541429299,0.07977861145847807,0.0,0.7496410541429299
PEUGEOT 508,PHEV,4,52000.0,72100.0,59400.0,54100.0,0.29876796714579057,0.5420681303638183,0.1591639024903912,0.0,0.1591639024903912
POLESTAR 2,BEV,108,48990.0,66990.0,56415.0,54840.0,0.3091639933521432,0.5350494080057718,0.15578659864208505,0.0,0.3091639933521432
SKODA SUPERB,PHEV,301,50950.0,58850.0,55753.333333333336,57505.0,0.2637982321345495,0.5885412995361821,0.14766046832926846,0.0,0.14766046832926846
SKODA SUPERB,ICE,818,39900.0,59480.0,51802.625,52525.0,0.2925293543299201,0.5490699246426157,0.15840072102746414,0.0,0.5490699246426157
TESLA MODEL 3,BEV,754,39990.0,58490.0,48365.0,47490.0,0.21968660481422891,0.67077472316046,0.10953867202531105,0.0,0.21968660481422891
VOLVO 60,PHEV,206,59990.0,75890.0,69971.81818181818,71290.0,0.1841938390681841,0.5614925074258252,0.2543136535059907,6.674899042151987e-05,0.2543136535059907
VOLVO 60,ICE,139,48590.0,61690.0,54315.0,53490.0,0.30421342477140484,0.5447449085619285,0.15104166666666666,0.0,0.5447449085619285
VW ARTEON,ICE,2,43300.0,70875.0,58903.28947368421,54297.5,0.29875223754869956,0.5420922396546278,0.15915552279667264,0.0,0.5420922396546278
VW PASSAT,PHEV,844,53280.0,68245.0,61667.0,61915.0,0.28323152995927864,0.5335587550901687,0.18320971495055266,0.0,0.18320971495055266
VW PASSAT,ICE,1775,42540.0,64540.0,53137.26190476191,52010.0,0.30008190217808606,0.537982135087405,0.16193596273450897,0.0,0.537982135087405
AUDI A6,PHEV,618,65800.0,81950.0,74882.5,75890.0,0.17044478791001202,0.5281641765413018,0.30139103554868624,8.58663918942126e-05,0.30139103554868624
AUDI A6,BEV,869,62800.0,116795.0,96556.875,100262.5,0.4215214932126697,0.2791289592760181,0.2993495475113122,0.0,0.4215214932126697
AUDI A6,ICE,1029,55500.0,81370.0,67397.5,67397.5,0.25772283735274787,0.4781586531169422,0.2641185095303099,5.055867334041155e-05,0.4781586531169422
BMW 5ER,PHEV,629,65900.0,146400.0,81760.0,74050.0,0.12691946098401755,0.5955290922385877,0.27755144677739474,6.964030781016052e-05,0.27755144677739474
BMW 5ER,BEV,647,70200.0,101500.0,80142.85714285714,77600.0,0.17798036465638148,0.5214586255259467,0.3005610098176718,9.350163627863488e-05,0.17798036465638148
BMW 5ER,ICE,1003,59300.0,79200.0,67066.66666666666,67425.0,0.25772283735274787,0.4781586531169422,0.2641185095303099,5.055867334041155e-05,0.4781586531169422
LEXUS ES,ICE,7,54350.0,69200.0,60575.0,59375.0,0.26748758749487556,0.557689679780143,0.1748227327249814,0.0,0.557689679780143
MERCEDES CLE,PHEV,64,69734.0,75928.0,72202.2,71329.0,0.1841938390681841,0.5614925074258252,0.2543136535059907,6.674899042151987e-05,0.2543136535059907
MERCEDES CLE,ICE,413,54062.0,127431.0,79134.87851213283,70665.5,0.1752403922439783,0.5749103487670972,0.24984925898892452,6.346989940020944e-05,0.5749103487670972
MERCEDES E-KLASSE,PHEV,986,70091.0,142146.0,95853.64814814815,84764.0,0.18896198830409358,0.3668859649122807,0.44415204678362574,0.00014619883040935673,0.44415204678362574
MERCEDES E-KLASSE,BEV,391,67187.0,145924.0,95615.4,94813.5,0.3770792563600783,0.25391389432485323,0.3690068493150685,0.0,0.3770792563600783
MERCEDES E-KLASSE,ICE,1053,58905.0,101234.0,81027.166374269,76643.0,0.16504096761607492,0.5333159925434604,0.30164303984046476,8.670394936489357e-05,0.5333159925434604
SUBARU OUTBACK,ICE,63,46690.0,51790.0,49315.0,49390.0,0.24967066336213634,0.6133364592404046,0.13699287739745908,0.0,0.6133364592404046
TOYOTA CAMRY,ICE,1,38982.0,48590.0,43626.0,44190.0,0.1794929228931341,0.7431442193849797,0.07736285772188624,0.0,0.7431442193849797
TOYOTA MIRAI,Other,2,68490.0,77790.0,73665.0,74190.0,0.13693741077466376,0.5636035765271621,0.29945901269817415,7.51371252535878e-05,7.51371252535878e-05
VOLVO 90,PHEV,49,68990.0,83690.0,76452.34146341463,75800.0,0.17044478791001202,0.5281641765413018,0.30139103554868624,8.58663918942126e-05,0.30139103554868624
VOLVO 90,ICE,4,48600.0,77850.0,64072.42447916667,64562.25,0.25438109586868607,0.5294584093251923,0.21616049480612165,3.9647926413448574e-05,0.5294584093251923
VW ID.7,BEV,1717,54105.0,64065.0,59221.666666666664,59495.0,0.26382371254575,0.5613163849529971,0.1748599025012529,0.0,0.26382371254575
XPENG P7,BEV,13,49600.0,58600.0,54100.0,54100.0,0.29876796714579057,0.5420681303638183,0.1591639024903912,0.0,0.29876796714579057
AUDI A7,PHEV,11,66188.0,84350.0,74379.16666666667,74993.5,0.1642191238346671,0.5426944971537002,0.2930863790116327,8.250144377526606e-05,0.2930863790116327
AUDI A7,ICE,74,57454.0,138500.0,88231.69206349207,67200.0,0.26963834337935055,0.4597268131440793,0.2706348434765701,4.860976083997667e-05,0.4597268131440793
AUDI A8,PHEV,51,104010.0,124450.0,111891.5,109575.0,0.2820469228153689,0.4053043182590955,0.3126487589255355,0.0,0.3126487589255355
AUDI A8,ICE,62,90600.0,157350.0,111978.52426739926,99650.0,0.36994291387441053,0.24497393894266567,0.3850831471829238,0.0,0.24497393894266567
AUDI E-TRON GT,BEV,71,108900.0,160500.0,135725.0,136750.0,0.23338406900050734,0.578386605783866,0.18822932521562658,0.0,0.23338406900050734
BMW 7ER,PHEV,36,126500.0,148750.0,138830.0,137400.0,0.23338406900050734,0.578386605783866,0.18822932521562658,0.0,0.18822932521562658
BMW 7ER,BEV,51,115700.0,183150.0,146043.75,143500.0,0.288135593220339,0.5259533898305084,0.18591101694915255,0.0,0.288135593220339
BMW 7ER,ICE,49,118400.0,129300.0,124433.33333333333,125600.0,0.13787638668779714,0.5347068145800317,0.32741679873217117,0.0,0.5347068145800317
BMW 8ER,ICE,89,105000.0,193400.0,123197.22222222222,116200.0,0.295032310177706,0.36348949919224555,0.3414781906300485,0.0,0.36348949919224555
HYUNDAI G90,ICE,54,112180.0,126180.0,118180.0,116180.0,0.295032310177706,0.36348949919224555,0.3414781906300485,0.0,0.36348949919224555
LOTUS EMEYA,BEV,6,107990.0,160990.0,132390.0,129990.0,0.15065432492818384,0.7050750079795723,0.14427066709224384,0.0,0.15065432492818384
LUCID AIR,BEV,4,85000.0,250000.0,141450.0,115400.0,0.2531185031185031,0.4539154539154539,0.29296604296604295,0.0,0.2531185031185031
MERCEDES S-KLASSE,PHEV,60,127318.0,210029.0,178224.88461538462,177360.5,0.1054421768707483,0.7346938775510204,0.1598639455782313,0.0,0.1598639455782313
MERCEDES S-KLASSE,BEV,137,109551.0,247401.0,142136.47222222222,139611.0,0.2569832402234637,0.535754189944134,0.20726256983240224,0.0,0.2569832402234637
MERCEDES S-KLASSE,ICE,192,113365.0,238488.0,142473.84126984127,138593.0,0.2535832414553473,0.541896361631753,0.20452039691289967,0.0,0.541896361631753
PORSCHE PANAMERA,PHEV,81,130400.0,247400.0,184200.0,174950.0,0.10442678774120318,0.735527809307605,0.16004540295119182,0.0,0.16004540295119182
PORSCHE PANAMERA,ICE,24,116400.0,171200.0,136000.0,120400.0,0.09710003258390355,0.5663082437275986,0.3365917236884979,0.0,0.5663082437275986
PORSCHE TAYCAN,BEV,187,102600.0,241100.0,147211.7037037037,127522.0,0.1743457427202359,0.659049023221526,0.1666052340582381,0.0,0.1743457427202359
ROLLS ROYCE SPECTRE,BEV,2,389000.0,389000.0,389000.0,389000.0,0.029411764705882353,0.9705882352941176,0.0,0.0,0.029411764705882353
TESLA MODEL S,BEV,1,69019.0,145420.0,94202.9375,85450.0,0.1864406779661017,0.4211323476379373,0.392426974395961,0.000144248106743599,0.1864406779661017
ALFA ROMEO JUNIOR,BEV,9,39500.0,48500.0,43750.0,43500.0,0.18426940897276528,0.7365578031415979,0.0791727878856368,0.0,0.18426940897276528
ALFA ROMEO JUNIOR,ICE,269,30450.0,40000.0,35480.0,36500.0,0.10313335017215479,0.8616912380521915,0.035175411775653725,0.0,0.8616912380521915
ALFA ROMEO STELVIO,ICE,118,60600.0,71100.0,65933.33333333333,66100.0,0.2724142025887662,0.48421802636266476,0.24336777104856905,4.750029687685548e-05,0.48421802636266476
ALFA ROMEO TONALE,PHEV,1,51600.0,62100.0,56933.333333333336,57100.0,0.2682871260341464,0.5825679581927179,0.14914491577313568,0.0,0.14914491577313568
ALFA ROMEO TONALE,ICE,87,40800.0,52800.0,46883.333333333336,47050.0,0.21858342145585602,0.670846192027969,0.11057038651617498,0.0,0.670846192027969
AUDI Q2,ICE,896,29000.0,50900.0,41163.88888888889,39000.0,0.17710408366533864,0.7709661354581673,0.051929780876494025,0.0,0.7709661354581673
AUDI Q4,BEV,1163,46150.0,68570.0,57176.42857142857,57275.0,0.2648648648648649,0.5880800280800281,0.14705510705510705,0.0,0.2648648648648649
AUDI Q6,BEV,970,63500.0,107200.0,86058.33333333333,85900.0,0.1864406779661017,0.4211323476379373,0.392426974395961,0.000144248106743599,0.1864406779661017
BMW IX,BEV,253,83500.0,124900.0,100471.42857142857,99900.0,0.4215214932126697,0.2791289592760181,0.2993495475113122,0.0,0.4215214932126697
BMW X1,PHEV,687,51000.0,61290.0,55847.5,55550.0,0.3167470436678338,0.5252031446125388,0.1580498117196274,0.0,0.1580498117196274
BMW X1,BEV,1645,48800.0,63690.0,55947.5,56245.0,0.27935290896069426,0.5529061521394166,0.16774093889988906,0.0,0.27935290896069426
BMW X1,ICE,1165,44600.0,64800.0,53004.87980769231,52025.0,0.30008190217808606,0.537982135087405,0.16193596273450897,0.0,0.537982135087405
BMW X2,BEV,257,50300.0,63960.0,57435.0,57225.0,0.263997537049217,0.5894289032871997,0.14657355966358332,0.0,0.263997537049217
BMW X2,ICE,292,48100.0,68760.0,55816.444444444445,54230.0,0.29875223754869956,0.5420922396546278,0.15915552279667264,0.0,0.5420922396546278
BYD ATTO 2,BEV,55,31990.0,34990.0,33490.0,33490.0,0.10415622807896582,0.8800481010121255,0.01579567090890871,0.0,0.10415622807896582
BYD ATTO 3,BEV,30,38990.0,40990.0,39990.0,39990.0,0.17813249945458512,0.7660048966135796,0.05586260393183526,0.0,0.17813249945458512
BYD SEAL U,PHEV,385,39990.0,45990.0,42990.0,42990.0,0.1839128377312572,0.7371498749352142,0.07893728733352863,0.0,0.07893728733352863
BYD SEAL U,BEV,51,42990.0,46490.0,44740.0,44740.0,0.18840388007054673,0.7303130511463845,0.08128306878306878,0.0,0.18840388007054673
BYD SEALION 7,BEV,155,49990.0,60990.0,55656.666666666664,55990.0,0.27815764084063926,0.5548191339122167,0.16702322524714402,0.0,0.27815764084063926
BYD TANG,BEV,9,75000.0,75000.0,75000.0,75000.0,0.1642191238346671,0.5426944971537002,0.2930863790116327,8.250144377526606e-05,0.1642191238346671
DACIA BIGSTER,ICE,1302,23990.0,30890.0,26420.0,26815.0,0.11949974903797891,0.8805002509620211,0.0,0.0,0.8805002509620211
DACIA DUSTER,ICE,999,18990.0,27690.0,22347.5,22340.0,0.07717815535405112,0.9228218446459489,0.0,0.0,0.9228218446459489
DS 7,PHEV,17,54310.0,69210.0,60054.444444444445,59410.0,0.26748758749487556,0.557689679780143,0.1748227327249814,0.0,0.1748227327249814
DS 7,ICE,108,48910.0,53810.0,50960.0,50560.0,0.2783406023558501,0.5783966940256648,0.14326270361848506,0.0,0.5783966940256648
DS 8,BEV,4,57700.0,81000.0,69762.5,69550.0,0.20783296119727235,0.5478848590911833,0.24428217971154426,6.034638826866212e-05,0.20783296119727235
FERRARI PUROSANGUE,ICE,28,378873.0,378873.0,378873.0,378873.0,0.028985507246376812,0.9710144927536232,0.0,0.0,0.9710144927536232
FIAT 600,BEV,24,31490.0,36490.0,34365.0,34740.0,0.10827063916856933,0.8613741562800215,0.030355204551409214,0.0,0.10827063916856933
FIAT 600,ICE,651,25490.0,31490.0,28561.428571428572,28490.0,0.11527968616205668,0.8847203138379434,0.0,0.0,0.8847203138379434
FORD CAPRI,BEV,364,42400.0,59400.0,52066.666666666664,53400.0,0.30421342477140484,0.5447449085619285,0.15104166666666666,0.0,0.30421342477140484
FORD EXPLORER,BEV,1161,39900.0,56900.0,49457.142857142855,48900.0,0.2464084201388889,0.6236328125,0.12995876736111112,0.0,0.2464084201388889
FORD KUGA,PHEV,1072,44100.0,54050.0,49813.333333333336,49350.0,0.24967066336213634,0.6133364592404046,0.13699287739745908,0.0,0.13699287739745908
FORD KUGA,ICE,410,39950.0,49600.0,45210.0,45400.0,0.18264237677704945,0.7240784881246276,0.09327913509832297,0.0,0.7240784881246276
FORD MUSTANG MACH-E,BEV,11,56500.0,78000.0,65075.0,62900.0,0.2662866449511401,0.5513210278682591,0.1823923271806008,3.619254433586681e-05,0.2662866449511401
GWM WEY 03,PHEV,16,47900.0,55900.0,51900.0,51900.0,0.30008190217808606,0.537982135087405,0.16193596273450897,0.0,0.16193596273450897
GWM WEY 05,PHEV,22,59900.0,63900.0,61900.0,61900.0,0.2923406011933801,0.5185574361091305,0.1891019626974894,0.0,0.1891019626974894
HONDA CR-V,PHEV,87,49900.0,60800.0,55171.42857142857,55300.0,0.3156659106283077,0.5256721446288117,0.15866194474288065,0.0,0.15866194474288065
HONDA CR-V,ICE,209,49900.0,60800.0,55171.42857142857,55300.0,0.3156659106283077,0.5256721446288117,0.15866194474288065,0.0,0.5256721446288117
HONDA E:NY1,BEV,9,38990.0,41990.0,40490.0,40490.0,0.1707018576887996,0.7589622804890721,0.07033586182212832,0.0,0.1707018576887996
HONDA HR-V,ICE,61,34700.0,41300.0,38880.0,40300.0,0.17667848770812045,0.7629740938871191,0.060347418404760475,0.0,0.7629740938871191
HONDA ZR-V,ICE,65,42900.0,47100.0,44866.666666666664,44600.0,0.18800774971929285,0.7308623764338081,0.08112987384689901,0.0,0.7308623764338081
HYUNDAI BAYON,ICE,276,23400.0,30100.0,27000.0,27500.0,0.11100148956338382,0.8889985104366162,0.0,0.0,0.8889985104366162
HYUNDAI GV60,BEV,29,54680.0,74480.0,62855.0,61130.0,0.27888013998250216,0.5418022747156606,0.17931758530183728,0.0,0.27888013998250216
HYUNDAI GV70,BEV,4,69050.0,75300.0,72750.0,73900.0,0.127630519275885,0.5932630694352043,0.27910641128891067,7.003046325151441e-05,0.127630519275885
HYUNDAI IONIQ 9,BEV,111,68500.0,86750.0,79800.0,81500.0,0.1327535181494232,0.43727728453222203,0.42996919731835476,0.0001207948299812768,0.1327535181494232
HYUNDAI IONIQ5,BEV,526,43900.0,74900.0,57534.61538461538,58150.0,0.26690072674208604,0.5817693207923367,0.1513299524655773,0.0,0.26690072674208604
HYUNDAI KONA,BEV,553,37990.0,48490.0,43347.142857142855,43490.0,0.18426940897276528,0.7365578031415979,0.0791727878856368,0.0,0.18426940897276528
HYUNDAI KONA,ICE,715,26900.0,40600.0,33635.71428571428,33650.0,0.10499705908118187,0.8792220956862352,0.015780845232582878,0.0,0.8792220956862352
HYUNDAI TUCSON,PHEV,418,40740.0,54050.0,48623.57142857143,48900.0,0.2464084201388889,0.6236328125,0.12995876736111112,0.0,0.12995876736111112
HYUNDAI TUCSON,ICE,1132,35740.0,49090.0,43885.625,44605.0,0.18800774971929285,0.7308623764338081,0.08112987384689901,0.0,0.7308623764338081
JEEP AVENGER,BEV,27,38500.0,43000.0,40666.666666666664,40500.0,0.1707018576887996,0.7589622804890721,0.07033586182212832,0.0,0.1707018576887996
JEEP AVENGER,ICE,507,25600.0,39000.0,31088.88888888889,29600.0,0.10684840548167548,0.8931515945183245,0.0,0.0,0.8931515945183245
KGM ACTYON,ICE,27,35790.0,44450.0,40252.857142857145,40190.0,0.17755575422234035,0.7667625099668978,0.055681735810761836,0.0,0.7667625099668978
KGM KORANDO,ICE,25,22990.0,39890.0,32202.5,32490.0,0.10742291926572803,0.8846462306184281,0.007930850115843878,0.0,0.8846462306184281
KGM TIVOLI,ICE,96,18990.0,31900.0,26690.0,27450.0,0.11129861313160702,0.888701386868393,0.0,0.0,0.888701386868393
KGM TORRES,BEV,3,41990.0,48990.0,45323.333333333336,44990.0,0.18418698880351736,0.7236440833216591,0.09216892787482354,0.0,0.18418698880351736
KGM TORRES,ICE,24,28990.0,46090.0,38526.42857142857,39490.0,0.17788587792464391,0.7697050033138669,0.05240911876148911,0.0,0.7697050033138669
KIA EV3,BEV,820,35990.0,48690.0,41610.0,41390.0,0.16801543238919733,0.7583278441705091,0.07365672344029359,0.0,0.16801543238919733
KIA EV6,BEV,251,44990.0,69990.0,54634.444444444445,53990.0,0.29876796714579057,0.5420681303638183,0.1591639024903912,0.0,0.29876796714579057
KIA EV9,BEV,87,61990.0,90980.0,76852.22222222222,76490.0,0.16504096761607492,0.5333159925434604,0.30164303984046476,8.670394936489357e-05,0.16504096761607492
KIA NIRO,PHEV,33,26310.0,45090.0,36729.25806451613,37790.0,0.1689610710983186,0.7767155937015668,0.05432333520011461,0.0,0.05432333520011461
KIA NIRO,BEV,262,34290.0,47590.0,41360.58823529412,41290.0,0.16698620528407762,0.7598082768295534,0.07320551788636895,0.0,0.16698620528407762
KIA NIRO,ICE,51,26310.0,45090.0,36729.25806451613,37790.0,0.1689610710983186,0.7767155937015668,0.05432333520011461,0.0,0.7767155937015668
KIA SPORTAGE,PHEV,136,38990.0,52190.0,45754.444444444445,45920.0,0.18405562776738632,0.7223895423178941,0.09355482991471958,0.0,0.09355482991471958
KIA SPORTAGE,ICE,733,34690.0,48050.0,41511.88888888889,41645.0,0.16646278237973738,0.7532650612235388,0.08027215639672387,0.0,0.7532650612235388
KIA STONIC,ICE,251,22690.0,29880.0,26624.444444444445,26950.0,0.11757201646090534,0.8824279835390947,0.0,0.0,0.8824279835390947
LEAPMOTOR C10,PHEV,110,37600.0,39100.0,38350.0,38350.0,0.1708467556373677,0.7758347394794702,0.05331850488316204,0.0,0.05331850488316204
LEAPMOTOR C10,BEV,109,37600.0,39100.0,38350.0,38350.0,0.1708467556373677,0.7758347394794702,0.05331850488316204,0.0,0.1708467556373677
LEXUS LBX,ICE,150,32990.0,46690.0,41434.444444444445,43940.0,0.18224050968940803,0.7402663481107866,0.07749314219980533,0.0,0.7402663481107866
LEXUS NX,PHEV,54,53700.0,74990.0,66822.66666666667,67290.0,0.2742170699755296,0.46753343055589885,0.25824949946857156,4.9435202807919516e-05,0.25824949946857156
LEXUS NX,ICE,32,53700.0,74990.0,66822.66666666667,67290.0,0.2742170699755296,0.46753343055589885,0.25824949946857156,4.9435202807919516e-05,0.46753343055589885
LEXUS RX,PHEV,41,74100.0,98850.0,83354.54545454546,82800.0,0.15469646271510518,0.4205305927342256,0.4247729445506692,0.00011950286806883365,0.4247729445506692
LEXUS RX,ICE,14,74100.0,98850.0,83354.54545454546,82800.0,0.15469646271510518,0.4205305927342256,0.4247729445506692,0.00011950286806883365,0.4205305927342256
LEXUS RZ,BEV,18,55590.0,73190.0,64990.0,67290.0,0.2742170699755296,0.46753343055589885,0.25824949946857156,4.9435202807919516e-05,0.2742170699755296
LEXUS UX,ICE,34,44250.0,63100.0,53310.0,49400.0,0.24967066336213634,0.6133364592404046,0.13699287739745908,0.0,0.6133364592404046
LOTUS ELETRE,BEV,8,99990.0,160990.0,126990.0,123490.0,0.12801648028251914,0.5679811653914068,0.30400235432607414,0.0,0.12801648028251914
LUCID GRAVITY,BEV,13,99900.0,116900.0,108400.0,108400.0,0.2820469228153689,0.4053043182590955,0.3126487589255355,0.0,0.2820469228153689
LYNK & CO 01,PHEV,17,42995.0,46995.0,44995.0,44995.0,0.18418698880351736,0.7236440833216591,0.09216892787482354,0.0,0.09216892787482354
LYNK & CO 02,BEV,5,35995.0,39995.0,37995.0,37995.0,0.1728037493911189,0.7722850485130136,0.05491120209586751,0.0,0.1728037493911189
LYNK & CO 08,PHEV,13,55995.0,59995.0,57995.0,57995.0,0.26690072674208604,0.5817693207923367,0.1513299524655773,0.0,0.1513299524655773
MASERATI GRECALE,BEV,1,111422.0,111422.0,111422.0,111422.0,0.27640577507598785,0.46219604863221886,0.2613981762917933,0.0,0.27640577507598785
MASERATI GRECALE,ICE,26,83429.0,125353.0,99942.33333333333,91045.0,0.36780130615475953,0.18048683950128636,0.4517118543439541,0.0,0.18048683950128636
MAZDA CX-30,ICE,799,29440.0,42890.0,36371.25,36390.0,0.10313335017215479,0.8616912380521915,0.035175411775653725,0.0,0.8616912380521915
MAZDA CX-60,PHEV,294,48890.0,62850.0,57506.666666666664,59150.0,0.26748758749487556,0.557689679780143,0.1748227327249814,0.0,0.1748227327249814
MAZDA CX-60,ICE,332,50850.0,66300.0,60150.0,62800.0,0.2662866449511401,0.5513210278682591,0.1823923271806008,0.0,0.5513210278682591
MAZDA CX-80,PHEV,85,56250.0,66800.0,63210.0,63100.0,0.2662866449511401,0.5513210278682591,0.1823923271806008,3.619254433586681e-05,0.1823923271806008
MAZDA CX-80,ICE,104,59950.0,70250.0,66810.0,66800.0,0.2795156906350383,0.4725475660983445,0.24793674326661724,4.9419322955275514e-05,0.4725475660983445
MAZDA MX-30,PHEV,54,35990.0,43240.0,40110.0,40490.0,0.1707018576887996,0.7589622804890721,0.07033586182212832,0.0,0.07033586182212832
MERCEDES GLA,PHEV,176,51949.0,64718.0,57338.22222222222,56656.0,0.2715008675534991,0.5639676113360323,0.16453152111046848,0.0,0.16453152111046848
MERCEDES GLA,BEV,827,51610.0,66961.0,58833.09523809524,58560.0,0.2784123941360401,0.5565890985654354,0.16499850729852458,0.0,0.2784123941360401
MERCEDES GLA,ICE,1019,45309.0,87887.0,62201.278322440085,54933.5,0.30951889591126014,0.5356636140848704,0.15481749000386946,0.0,0.5356636140848704
MERCEDES GLB,BEV,456,53514.0,68734.0,60695.619047619046,60333.0,0.26118765611151396,0.5556522439771171,0.18316009991136895,0.0,0.26118765611151396
MERCEDES GLB,ICE,585,47261.0,76190.0,62354.72569444444,57179.5,0.263997537049217,0.5894289032871997,0.14657355966358332,0.0,0.5894289032871997
"MERCEDES GLK, GLC",PHEV,628,68889.0,147685.0,83812.18888888888,77594.0,0.17798036465638148,0.5214586255259467,0.3005610098176718,9.350163627863488e-05,0.3005610098176718
"MERCEDES GLK, GLC",ICE,1714,58715.0,95818.0,72966.73611111111,73106.5,0.11775700934579439,0.601128548756833,0.2811144418973726,7.053429730206313e-05,0.601128548756833
MG ROEWE RX6,PHEV,337,38990.0,41490.0,40240.0,40240.0,0.17755575422234035,0.7667625099668978,0.055681735810761836,0.0,0.055681735810761836
MG ROEWE RX6,ICE,351,38990.0,41490.0,40240.0,40240.0,0.17755575422234035,0.7667625099668978,0.055681735810761836,0.0,0.7667625099668978
MG ROEWE S5,BEV,86,37990.0,44990.0,41990.0,42990.0,0.1839128377312572,0.7371498749352142,0.07893728733352863,0.0,0.1839128377312572
MG ROEWE ZS,ICE,531,20990.0,23990.0,22490.0,22490.0,0.0733346345816022,0.9266653654183978,0.0,0.0,0.9266653654183978
MITSUBISHI ASX,ICE,374,23990.0,36790.0,29440.0,28390.0,0.11527968616205668,0.8847203138379434,0.0,0.0,0.8847203138379434
MITSUBISHI OUTLANDER,PHEV,247,49990.0,59490.0,54115.0,53490.0,0.30421342477140484,0.5447449085619285,0.15104166666666666,0.0,0.15104166666666666
NIO EL6,BEV,7,53500.0,74500.0,61750.0,59500.0,0.26382371254575,0.5613163849529971,0.1748599025012529,0.0,0.26382371254575
NISSAN ARIYA,BEV,35,43490.0,63990.0,54240.0,54990.0,0.3083706136381268,0.5369656848801427,0.1546637014817305,0.0,0.3083706136381268
NISSAN QASHQAI,ICE,1014,34290.0,48920.0,41445.555555555555,41280.0,0.16698620528407762,0.7598082768295534,0.07320551788636895,0.0,0.7598082768295534
OPEL FRONTERA,BEV,330,28990.0,34990.0,32556.666666666668,32740.0,0.09482170949134766,0.8981253277399056,0.007052962768746723,0.0,0.09482170949134766
OPEL FRONTERA,ICE,1153,24190.0,30290.0,27918.571428571428,27990.0,0.11054460739382829,0.8894553926061717,0.0,0.0,0.8894553926061717
OPEL GRANDLAND X,BEV,160,46750.0,59990.0,51878.0,50950.0,0.2743868049400905,0.5815655897146672,0.14404760534524233,0.0,0.2743868049400905
OPEL GRANDLAND X,ICE,1358,23700.0,46040.0,33790.62409688013,33332.5,0.10415622807896582,0.8800481010121255,0.01579567090890871,0.0,0.8800481010121255
OPEL MOKKA,BEV,114,36740.0,47300.0,41010.0,38990.0,0.17601665544668013,0.7719849402847383,0.051998404268581544,0.0,0.17601665544668013
OPEL MOKKA,ICE,1322,26890.0,32140.0,29681.666666666668,29515.0,0.10684840548167548,0.8931515945183245,0.0,0.0,0.8931515945183245
PEUGEOT 2008,BEV,162,40550.0,47000.0,43410.0,43150.0,0.18608495405732003,0.7340454638728653,0.07986958206981463,0.0,0.18608495405732003
PEUGEOT 2008,ICE,784,28540.0,40220.0,34657.27272727273,34540.0,0.10646463888784707,0.8631186788183375,0.0304166822938154,0.0,0.8631186788183375
POLESTAR 3,BEV,27,78590.0,92190.0,85456.66666666667,85590.0,0.1864406779661017,0.4211323476379373,0.392426974395961,0.000144248106743599,0.1864406779661017
POLESTAR 4,BEV,203,61900.0,69900.0,65900.0,65900.0,0.2592521618319879,0.4883704218267181,0.25237741634129396,4.7907634081490887e-05,0.2592521618319879
RENAULT ARKANA,ICE,138,33200.0,37250.0,35225.0,35225.0,0.10374203319240234,0.8647188742348709,0.0315390925727267,0.0,0.8647188742348709
RENAULT AUSTRAL,ICE,725,34700.0,39600.0,37000.0,36700.0,0.15461063299074085,0.810834106016481,0.034555260992778135,0.0,0.810834106016481
RENAULT CAPTUR,ICE,496,23490.0,32900.0,27465.0,27100.0,0.11800756827903916,0.8819924317209609,0.0,0.0,0.8819924317209609
RENAULT RAFALE,PHEV,142,43800.0,57800.0,50800.0,50800.0,0.2743868049400905,0.5815655897146672,0.14404760534524233,0.0,0.14404760534524233
RENAULT RAFALE,ICE,77,43800.0,57800.0,50800.0,50800.0,0.2743868049400905,0.5815655897146672,0.14404760534524233,0.0,0.5815655897146672
RENAULT SYMBIOZ,ICE,256,28500.0,30300.0,29400.0,29400.0,0.10646548555465705,0.8935345144453429,0.0,0.0,0.8935345144453429
SEAT ARONA,ICE,1202,22520.0,34145.0,29108.846153846152,29130.0,0.11265387083600724,0.8873461291639928,0.0,0.0,0.8873461291639928
SEAT ATECA,ICE,939,29290.0,43100.0,38726.02272727273,39142.5,0.1769102576858024,0.7709680628793155,0.0521216794348821,0.0,0.7709680628793155
SEAT FORMENTOR,PHEV,503,49290.0,61010.0,54750.0,54350.0,0.29443507588532886,0.5487093008172266,0.15685562329744454,0.0,0.15685562329744454
SEAT FORMENTOR,ICE,1485,41115.0,64200.0,49095.27777777778,48812.5,0.24493651185505597,0.6265093863707106,0.12855410177423338,0.0,0.6265093863707106
SEAT TAVASCAN,BEV,899,53340.0,57910.0,55625.0,55625.0,0.31682723440246335,0.5253141973595528,0.15785856823798386,0.0,0.31682723440246335
SEAT TERRAMAR,PHEV,676,51120.0,57530.0,54325.0,54325.0,0.29443507588532886,0.5487093008172266,0.15685562329744454,0.0,0.15685562329744454
SEAT TERRAMAR,ICE,898,43020.0,56620.0,49580.0,49100.0,0.2515368682225496,0.6157995591541964,0.13266357262325407,0.0,0.6157995591541964
SKODA ELROQ,BEV,1731,33900.0,53050.0,44928.75,45315.0,0.184644513054423,0.7210538205837107,0.09430166636186624,0.0,0.184644513054423
SKODA ENYAQ,BEV,1456,44400.0,60850.0,53310.71428571428,53200.0,0.2919794350873262,0.555115708755026,0.15290485615764773,0.0,0.2919794350873262
SKODA KAMIQ,ICE,1621,25330.0,37260.0,31403.333333333332,31730.0,0.1055610355589334,0.8921265826878608,0.002312381753205802,0.0,0.8921265826878608
SKODA KAROQ,ICE,1943,33930.0,48670.0,41136.38888888889,40885.0,0.1709434006825455,0.7571177213844573,0.07193887793299718,0.0,0.7571177213844573
SMART 1,BEV,143,36990.0,52490.0,44347.142857142855,44490.0,0.1822849529339125,0.7378814302891125,0.079833616776975,0.0,0.1822849529339125
SMART 3,BEV,92,40490.0,53490.0,47390.0,48490.0,0.22861746361746363,0.6491164241164241,0.12226611226611227,0.0,0.22861746361746363
SMART 5,BEV,178,45900.0,60900.0,54233.333333333336,55400.0,0.3175035716175459,0.524260542885867,0.15823588549658713,0.0,0.3175035716175459
SUBARU CROSSTREK,ICE,116,34790.0,40770.0,37925.0,38070.0,0.16789674976656135,0.7787513270827204,0.053351923150718225,0.0,0.7787513270827204
SUZUKI SX4,ICE,206,19790.0,33590.0,27740.579710144928,27590.0,0.11100148956338382,0.8889985104366162,0.0,0.0,0.8889985104366162
SUZUKI VITARA,ICE,648,27500.0,33550.0,30440.0,31000.0,0.10442316461468308,0.8931617435949402,0.002415091790376788,0.0,0.8931617435949402
TESLA MODEL X,BEV,8,83200.0,156900.0,111187.27272727272,113300.0,0.27640577507598785,0.46219604863221886,0.2613981762917933,0.0,0.27640577507598785
TESLA MODEL Y,BEV,678,44990.0,61990.0,52490.0,51490.0,0.3133465029502524,0.5251191075647829,0.16153438948496468,0.0,0.3133465029502524
TOYOTA BZ4,BEV,360,42900.0,55990.0,49481.0,50240.0,0.2732912184850037,0.5798076375846566,0.14690114393033976,0.0,0.2732912184850037
TOYOTA C-HR,PHEV,269,33990.0,49990.0,43036.153846153844,42990.0,0.1839128377312572,0.7371498749352142,0.07893728733352863,0.0,0.07893728733352863
TOYOTA C-HR,ICE,325,33990.0,49990.0,43036.153846153844,42990.0,0.1839128377312572,0.7371498749352142,0.07893728733352863,0.0,0.7371498749352142
TOYOTA RAV 4,PHEV,213,40990.0,64990.0,53805.38461538462,54590.0,0.30671404286864606,0.538733879523,0.15455207760835388,0.0,0.15455207760835388
TOYOTA RAV 4,ICE,141,40990.0,64990.0,53805.38461538462,54590.0,0.30671404286864606,0.538733879523,0.15455207760835388,0.0,0.538733879523
VINFAST VF 6,BEV,4,34990.0,38990.0,36990.0,36990.0,0.16506349085171895,0.79520065144922,0.039735857699060996,0.0,0.16506349085171895
VINFAST VF 8,BEV,1,48490.0,54490.0,51490.0,51490.0,0.3133465029502524,0.5251191075647829,0.16153438948496468,0.0,0.3133465029502524
VOLVO C40,BEV,13,47500.0,65450.0,57921.42857142857,58300.0,0.2717257001647446,0.5742086373264298,0.1540656625088256,0.0,0.2717257001647446
VOLVO EX30,BEV,150,38490.0,57290.0,47856.666666666664,48490.0,0.22861746361746363,0.6491164241164241,0.12226611226611227,0.0,0.22861746361746363
VOLVO EX90,BEV,112,85990.0,109790.0,98347.14285714286,99990.0,0.4215214932126697,0.2791289592760181,0.2993495475113122,0.0,0.4215214932126697
"VW ID.4, ID.5",BEV,1814,40335.0,56455.0,50178.529411764706,51995.0,0.30008190217808606,0.537982135087405,0.16193596273450897,0.0,0.30008190217808606
VW T-CROSS,ICE,2202,24960.0,37285.0,31775.0,32240.0,0.10066500913638679,0.892145702902675,0.007189287960938202,0.0,0.892145702902675
VW T-ROC,ICE,7001,30845.0,44980.0,39741.78571428572,40855.0,0.1709434006825455,0.7571177213844573,0.07193887793299718,0.0,0.7571177213844573
VW TAIGO,ICE,1057,23240.0,37105.0,31560.0,32175.0,0.10066500913638679,0.892145702902675,0.007189287960938202,0.0,0.892145702902675
VW TAYRON,PHEV,618,54165.0,62205.0,59383.0,59915.0,0.2584966746941835,0.5645364507743098,0.17696687453150667,0.0,0.17696687453150667
VW TAYRON,ICE,962,46215.0,60605.0,55218.75,54296.25,0.29875223754869956,0.5420922396546278,0.15915552279667264,0.0,0.5420922396546278
XPENG G6,BEV,182,47600.0,51600.0,49600.0,49600.0,0.2638392954938772,0.601568489999781,0.13459221450634187,0.0,0.2638392954938772
XPENG G9,BEV,88,59600.0,72600.0,65266.666666666664,63600.0,0.2557388098164374,0.545652777227134,0.19860841295642864,3.96463545177021e-05,0.2557388098164374
AUDI Q3,PHEV,45,49300.0,51150.0,50225.0,50225.0,0.2732912184850037,0.5798076375846566,0.14690114393033976,0.0,0.14690114393033976
AUDI Q3,ICE,1249,44600.0,61750.0,50325.0,49975.0,0.26167980145426045,0.5978360256019506,0.14048417294378893,0.0,0.5978360256019506
AUDI Q5,PHEV,262,63400.0,81640.0,75543.33333333333,77535.0,0.17798036465638148,0.5214586255259467,0.3005610098176718,9.350163627863488e-05,0.3005610098176718
AUDI Q5,ICE,1375,52300.0,92080.0,69748.33333333333,69895.0,0.20783296119727235,0.5478848590911833,0.24428217971154426,6.034638826866212e-05,0.5478848590911833
AUDI Q7,PHEV,158,87300.0,97800.0,92033.33333333333,91000.0,0.36780130615475953,0.18048683950128636,0.4517118543439541,0.0,0.4517118543439541
AUDI Q7,ICE,160,80900.0,115520.0,95418.33333333333,86360.0,0.20304428679661135,0.406432949927681,0.3905227632757077,0.00013775053378331842,0.406432949927681
AUDI Q8,PHEV,211,94700.0,105000.0,99850.0,99850.0,0.4215214932126697,0.2791289592760181,0.2993495475113122,0.0,0.2993495475113122
AUDI Q8,ICE,326,88400.0,158200.0,107588.88888888888,91500.0,0.36780130615475953,0.18048683950128636,0.4517118543439541,0.0,0.18048683950128636
BMW X3,PHEV,919,66400.0,73230.0,69743.33333333333,69600.0,0.20783296119727235,0.5478848590911833,0.24428217971154426,6.034638826866212e-05,0.24428217971154426
BMW X3,BEV,2,68900.0,75400.0,72333.33333333333,72700.0,0.11775700934579439,0.601128548756833,0.2811144418973726,7.053429730206313e-05,0.11775700934579439
BMW X3,ICE,1208,59800.0,84500.0,69496.25,67815.0,0.25723143142630217,0.4846147933693731,0.25815377520432475,5.1241321001255416e-05,0.4846147933693731
BMW X4,ICE,231,60500.0,108500.0,74013.33333333334,70400.0,0.19475460122699387,0.5573006134969325,0.2479447852760736,6.134969325153375e-05,0.5573006134969325
BMW X5,PHEV,465,97300.0,102850.0,100383.33333333333,101000.0,0.4195516458569807,0.2800794551645857,0.3003688989784336,0.0,0.3003688989784336
BMW X5,ICE,820,89900.0,167400.0,106621.66666666666,98912.5,0.36331505179768436,0.2683729433272395,0.36831200487507615,0.0,0.2683729433272395
BMW X6,ICE,252,97500.0,170800.0,113506.25,107775.0,0.27765690376569035,0.3989958158995816,0.32334728033472804,0.0,0.3989958158995816
BMW X7,ICE,212,105900.0,137100.0,114460.41666666666,112637.5,0.27640577507598785,0.46219604863221886,0.2613981762917933,0.0,0.46219604863221886
HYUNDAI SANTA FE,PHEV,106,59750.0,68150.0,64316.666666666664,64150.0,0.2589509577775549,0.5357135693511182,0.20533547287132684,4.0116337378397355e-05,0.20533547287132684
HYUNDAI SANTA FE,ICE,71,59750.0,68150.0,64316.666666666664,64150.0,0.2589509577775549,0.5357135693511182,0.20533547287132684,4.0116337378397355e-05,0.5357135693511182
INEOS GRENADIER,ICE,10,71140.0,150685.0,85269.5,81890.0,0.15460408455750627,0.42027946972411323,0.42511644571838053,0.00011943150603129105,0.42027946972411323
JEEP COMPASS,PHEV,117,50200.0,54700.0,52866.666666666664,53700.0,0.30108863086223187,0.542904482673812,0.15600688646395608,0.0,0.15600688646395608
JEEP COMPASS,ICE,203,39900.0,44400.0,42525.0,42900.0,0.18255734624719,0.7397134644850302,0.07772918926777986,0.0,0.7397134644850302
JEEP GRAND CHEROKEE,PHEV,18,99900.0,99900.0,99900.0,99900.0,0.4215214932126697,0.2791289592760181,0.2993495475113122,0.0,0.2993495475113122
JEEP RENEGADE,PHEV,7,45700.0,45700.0,45700.0,45700.0,0.18274451468947564,0.7241141157095043,0.09314136960102003,0.0,0.09314136960102003
JEEP RENEGADE,ICE,29,31100.0,35100.0,33475.0,33850.0,0.10505042921140226,0.879170107865956,0.01577946292264184,0.0,0.879170107865956
JEEP WRANGLER,PHEV,5,81500.0,83500.0,82500.0,82500.0,0.15444729463699816,0.419853248225258,0.4256994571377438,0.00011931038596909861,0.4256994571377438
JEEP WRANGLER,ICE,28,81500.0,83500.0,82500.0,82500.0,0.15444729463699816,0.419853248225258,0.4256994571377438,0.00011931038596909861,0.419853248225258
KGM REXTON,ICE,29,47490.0,55890.0,52850.0,53390.0,0.30421342477140484,0.5447449085619285,0.15104166666666666,0.0,0.5447449085619285
KIA SORENTO,PHEV,62,53690.0,69130.0,62598.75,63385.0,0.2555159437512379,0.5451772628243217,0.1993067934244405,3.961180431768667e-05,0.1993067934244405
KIA SORENTO,ICE,105,55190.0,65180.0,61851.666666666664,62685.0,0.2777597344015012,0.5517303597849229,0.17050990581357583,0.0,0.5517303597849229
LAMBORGHINI URUS,PHEV,55,300000.0,300000.0,300000.0,300000.0,0.0,0.0,1.0,0.0,1.0
LAMBORGHINI URUS,ICE,11,232690.0,265200.0,248945.0,248945.0,0.0,0.581081081081081,0.4189189189189189,0.0,0.581081081081081
LAND ROVER DEFENDER,PHEV,17,82200.0,121200.0,98400.0,95100.0,0.3747417041448888,0.25233985656983104,0.3729184392852802,0.0,0.3729184392852802
LAND ROVER DEFENDER,ICE,313,67500.0,200700.0,121646.29629629629,117700.0,0.06623869273416982,0.5071491100087541,0.42661219725707616,0.0,0.5071491100087541
LAND ROVER DISCOVERY,ICE,15,54200.0,113100.0,80707.69230769231,83200.0,0.1646601694375438,0.4483088094783107,0.3870310210841455,0.00012739664946811899,0.4483088094783107
LAND ROVER DISCOVERY SPORT,PHEV,27,62300.0,76600.0,69433.33333333333,69400.0,0.19544340302811825,0.52366258111031,0.28089401586157176,5.767844268204759e-05,0.28089401586157176
LAND ROVER DISCOVERY SPORT,ICE,17,54200.0,71600.0,61760.0,61300.0,0.28024828119779854,0.5417523869810624,0.17799933182113906,0.0,0.5417523869810624
LAND ROVER RANGE ROVER,PHEV,20,61500.0,225500.0,131557.8947368421,123500.0,0.12801648028251914,0.5679811653914068,0.30400235432607414,0.0,0.30400235432607414
LAND ROVER RANGE ROVER,ICE,101,50500.0,285500.0,147236.35294117648,144850.0,0.288135593220339,0.5259533898305084,0.18591101694915255,0.0,0.5259533898305084
LAND ROVER RANGE ROVER EVOQUE,PHEV,114,61500.0,75600.0,68900.0,69600.0,0.20783296119727235,0.5478848590911833,0.24428217971154426,6.034638826866212e-05,0.24428217971154426
LAND ROVER RANGE ROVER EVOQUE,ICE,80,50500.0,73900.0,58710.0,58550.0,0.2784123941360401,0.5565890985654354,0.16499850729852458,0.0,0.5565890985654354
LAND ROVER RANGE ROVER SPORT,PHEV,81,104400.0,145500.0,119820.0,114600.0,0.2531185031185031,0.4539154539154539,0.29296604296604295,0.0,0.29296604296604295
LAND ROVER RANGE ROVER SPORT,ICE,80,91700.0,205000.0,145067.85714285716,146600.0,0.29581294181620443,0.5133224578575313,0.19086460032626426,0.0,0.5133224578575313
LAND ROVER RANGE ROVER VELAR,PHEV,47,83200.0,101500.0,92166.66666666667,91800.0,0.3582681759831952,0.21286031042128603,0.4288715135955187,0.0,0.4288715135955187
LAND ROVER RANGE ROVER VELAR,ICE,41,72200.0,102000.0,90687.5,90250.0,0.3382536012804553,0.25582429308198473,0.40592210563756004,0.0,0.25582429308198473
MERCEDES G-KLASSE,BEV,92,142622.0,167969.0,156757.0,159680.0,0.175,0.736875,0.088125,0.0,0.175
MERCEDES G-KLASSE,ICE,341,124355.0,199521.0,148082.15833333333,145946.0,0.29581294181620443,0.5133224578575313,0.19086460032626426,0.0,0.5133224578575313
"MERCEDES GL-KLASSE, GLS",ICE,187,112140.0,243272.0,156198.5013227513,130388.5,0.15065432492818384,0.7050750079795723,0.14427066709224384,0.0,0.7050750079795723
"MERCEDES ML-KLASSE, GLE",PHEV,530,88982.0,168897.0,112796.35561497326,108620.0,0.2820469228153689,0.4053043182590955,0.3126487589255355,0.0,0.3126487589255355
"MERCEDES ML-KLASSE, GLE",ICE,401,89101.0,205144.0,122699.17532467532,116702.0,0.25512104283054005,0.40456238361266295,0.340316573556797,0.0,0.40456238361266295
NISSAN X-TRAIL,ICE,234,39700.0,52290.0,46267.5,46540.0,0.19544562147634095,0.7004902938613529,0.10406408466230617,0.0,0.7004902938613529
PORSCHE CAYENNE,PHEV,315,115900.0,217500.0,147945.45454545456,130400.0,0.15065432492818384,0.7050750079795723,0.14427066709224384,0.0,0.14427066709224384
PORSCHE CAYENNE,ICE,157,101500.0,147200.0,122225.0,119250.0,0.07663740715732613,0.5867656988521269,0.33659689399054693,0.0,0.5867656988521269
PORSCHE MACAN,BEV,336,80700.0,114600.0,92525.0,87400.0,0.2974131213962911,0.2245597631291881,0.4780271154745208,0.00015583606046439146,0.2974131213962911
ROLLS ROYCE CULLINAN,ICE,1,307400.0,364820.0,336110.0,336110.0,0.0,0.017857142857142856,0.9821428571428571,0.0,0.017857142857142856
SKODA KODIAQ,PHEV,486,48530.0,53030.0,50780.0,50780.0,0.2743868049400905,0.5815655897146672,0.14404760534524233,0.0,0.14404760534524233
SKODA KODIAQ,ICE,1492,42990.0,57900.0,50353.0,49525.0,0.24967066336213634,0.6131466720253645,0.13718266461249917,0.0,0.6131466720253645
SUBARU FORESTER,ICE,125,40490.0,49190.0,44802.5,44765.0,0.18779941106667253,0.7311783061574297,0.08102228277589768,0.0,0.7311783061574297
TOYOTA LANDCRUISER,ICE,19,67990.0,91490.0,80706.66666666667,83240.0,0.18046635018151355,0.3953504607651494,0.4241831890533371,0.00013962580284836637,0.3953504607651494
VOLVO XC40,BEV,145,47500.0,64900.0,56938.23529411765,56150.0,0.27976148621092156,0.5522522395826008,0.16798627420647755,0.0,0.27976148621092156
VOLVO XC40,ICE,830,32200.0,58550.0,43729.415457184325,43575.0,0.1849878059795863,0.7359091319663987,0.07910306205401499,0.0,0.7359091319663987
VOLVO XC60,PHEV,1188,67990.0,87590.0,77934.375,78690.0,0.12165898617511521,0.5588163958282804,0.3195246179966044,9.701673538685423e-05,0.3195246179966044
VOLVO XC60,ICE,417,57390.0,70490.0,63256.666666666664,62990.0,0.2662866449511401,0.5513210278682591,0.1823923271806008,3.619254433586681e-05,0.5513210278682591
VOLVO XC90,PHEV,446,88990.0,98690.0,93890.0,93790.0,0.40220096947464956,0.27197694222455127,0.3258220883007992,0.0,0.3258220883007992
VOLVO XC90,ICE,61,81390.0,92290.0,86950.0,86690.0,0.24805042890564075,0.3834806342604627,0.36846893683389653,0.00012997140629061605,0.3834806342604627
VW TIGUAN,PHEV,1343,51510.0,60505.0,56856.666666666664,57592.5,0.2647125396106836,0.5871152105024898,0.14817224988682662,0.0,0.14817224988682662
VW TIGUAN,ICE,3046,38850.0,58965.0,50265.97222222222,50431.25,0.2784658135785104,0.5778014111404622,0.14373277528102738,0.0,0.5778014111404622
VW TOUAREG,PHEV,93,81880.0,102155.0,92017.5,92017.5,0.3582681759831952,0.21286031042128603,0.4288715135955187,0.0,0.4288715135955187
VW TOUAREG,ICE,228,74925.0,90045.0,83592.91666666667,84031.25,0.18342439508976088,0.38543957993330025,0.4311360249769389,0.00014191442560136238,0.38543957993330025
ALPINE A110,ICE,14,64450.0,330000.0,152633.33333333334,90450.0,0.3382536012804553,0.25582429308198473,0.40592210563756004,0.0,0.25582429308198473
BMW Z4,ICE,172,50700.0,76200.0,60271.42857142857,56150.0,0.27976148621092156,0.5522522395826008,0.16798627420647755,0.0,0.5522522395826008
FERRARI 12CILINDRI,ICE,38,395000.0,435000.0,415000.0,415000.0,0.029411764705882353,0.9705882352941176,0.0,0.0,0.9705882352941176
FERRARI 296,PHEV,29,283185.0,310595.0,296890.0,296890.0,0.0,0.0,1.0,0.0,1.0
FERRARI ROMA,ICE,32,242316.0,242316.0,242316.0,242316.0,0.0,0.581081081081081,0.4189189189189189,0.0,0.581081081081081
FERRARI SF90,PHEV,18,440000.0,850000.0,634500.0,624000.0,0.0,0.0,1.0,0.0,1.0
FORD MUSTANG,ICE,88,60400.0,76500.0,68350.0,68150.0,0.22255793250424882,0.5056246459305619,0.27181742156518923,5.3953438182848204e-05,0.5056246459305619
MASERATI GRANTURISMO,BEV,1,198654.0,198654.0,198654.0,198654.0,0.005649717514124294,0.03954802259887006,0.9548022598870056,0.0,0.005649717514124294
MASERATI GRANTURISMO,ICE,7,158374.0,198574.0,178474.0,178474.0,0.1054421768707483,0.7346938775510204,0.1598639455782313,0.0,0.7346938775510204
MERCEDES AMG GT,PHEV,28,212409.0,222191.0,218091.33333333334,219674.0,0.015625,0.5,0.484375,0.0,0.484375
MERCEDES AMG GT,ICE,73,113413.0,226802.0,166427.38461538462,171901.0,0.10442678774120318,0.735527809307605,0.16004540295119182,0.0,0.735527809307605
MERCEDES SL,PHEV,3,225624.0,232514.0,229069.0,229069.0,0.0,0.581081081081081,0.4189189189189189,0.0,0.4189189189189189
MERCEDES SL,ICE,27,131489.0,255850.0,175905.125,171901.5,0.10442678774120318,0.735527809307605,0.16004540295119182,0.0,0.735527809307605
MG ROEWE CYBERSTER,BEV,64,64990.0,69990.0,67490.0,67490.0,0.25772283735274787,0.4781586531169422,0.2641185095303099,5.055867334041155e-05,0.25772283735274787
PORSCHE 911,ICE,507,136300.0,274000.0,183653.5625,173100.0,0.10442678774120318,0.735527809307605,0.16004540295119182,0.0,0.735527809307605
PORSCHE BOXSTER,ICE,1,158700.0,158700.0,158700.0,158700.0,0.15625,0.7650669642857143,0.07868303571428571,0.0,0.7650669642857143
PORSCHE CAYMAN,ICE,33,158700.0,158700.0,158700.0,158700.0,0.15625,0.7650669642857143,0.07868303571428571,0.0,0.7650669642857143
TOYOTA SUPRA,ICE,5,63250.0,142800.0,89562.5,76100.0,0.1708996986655187,0.5295738269479122,0.2995264743865691,8.609556607834697e-05,0.5295738269479122
MERCEDES B-KLASSE,PHEV,44,47273.0,60315.0,53098.71428571428,52158.0,0.2994094815991392,0.5384989816439725,0.1620915367568883,0.0,0.1620915367568883
MERCEDES B-KLASSE,ICE,900,38651.0,61208.0,48525.15476190476,47540.5,0.22926762318014338,0.662538667004508,0.10819370981534855,0.0,0.662538667004508
PEUGEOT 3008,BEV,78,48750.0,60000.0,53741.666666666664,52925.0,0.28960374577299924,0.5526006119086844,0.1577956423183164,0.0,0.28960374577299924
PEUGEOT 3008,ICE,576,41000.0,48340.0,44478.333333333336,44520.0,0.18575796712697729,0.7328873729178396,0.08135465995518319,0.0,0.7328873729178396
RENAULT SCENIC,BEV,106,40400.0,51300.0,46520.0,47900.0,0.22612091860646774,0.6503671301359163,0.12351195125761599,0.0,0.22612091860646774
DACIA JOGGER,ICE,741,17990.0,22290.0,20260.833333333336,20315.0,0.10866870506569705,0.891331294934303,0.0,0.0,0.891331294934303
LEXUS LM,ICE,9,128500.0,154000.0,141250.0,141250.0,0.2881002087682672,0.5182672233820459,0.19363256784968685,0.0,0.5182672233820459
MERCEDES V-KLASSE,BEV,153,59205.0,63472.0,61335.5,61332.5,0.28024828119779854,0.5417523869810624,0.17799933182113906,0.0,0.28024828119779854
MERCEDES V-KLASSE,ICE,1305,56192.0,97174.0,74135.98333333334,73273.25,0.11862734735581158,0.6005355318324349,0.2808371208117535,7.046471479406687e-05,0.6005355318324349
PEUGEOT 5008,BEV,40,51250.0,62500.0,56241.666666666664,55425.0,0.3175035716175459,0.524260542885867,0.15823588549658713,0.0,0.3175035716175459
PEUGEOT 5008,ICE,384,43860.0,51340.0,47441.666666666664,47550.0,0.2294711259047921,0.6625878374808475,0.10794103661436044,0.0,0.6625878374808475
RENAULT ESPACE,ICE,227,43800.0,48300.0,46233.333333333336,46600.0,0.20910479493054265,0.6885978491960286,0.1022973558734287,0.0,0.6885978491960286
VW TOURAN,ICE,869,41995.0,52825.0,46565.75,46821.25,0.21288647876074573,0.6812745654412846,0.1058389557979696,0.0,0.6812745654412846
CITROEN BERLINGO,BEV,12,34390.0,40540.0,37773.0,37723.0,0.16947757586842072,0.7760330254614812,0.05448939867009811,0.0,0.16947757586842072
CITROEN BERLINGO,ICE,222,23540.0,33439.0,27191.84375,27266.0,0.11246349542345309,0.8875365045765469,0.0,0.0,0.8875365045765469
CITROEN JUMPER,ICE,475,36747.0,54026.0,45449.45911949685,45851.0,0.18405562776738632,0.7223895423178941,0.09355482991471958,0.0,0.7223895423178941
CITROEN JUMPY,BEV,4,44230.0,60690.0,51122.142857142855,50730.0,0.2743868049400905,0.5815655897146672,0.14404760534524233,0.0,0.2743868049400905
CITROEN JUMPY,ICE,278,37485.0,52955.0,44479.555555555555,44208.5,0.1794929228931341,0.7431442193849797,0.07736285772188624,0.0,0.7431442193849797
FIAT DUCATO,BEV,1,64260.0,67473.0,65968.5,66164.0,0.2724142025887662,0.48421802636266476,0.24336777104856905,4.750029687685548e-05,0.2724142025887662
FIAT DUCATO,ICE,2330,39865.0,54026.0,47662.63157894737,47600.0,0.2294711259047921,0.6625878374808475,0.10794103661436044,0.0,0.6625878374808475
FIAT SCUDO,ICE,2,34629.0,47481.0,41601.0,42126.0,0.1642223598564968,0.755261589520059,0.08051605062344432,0.0,0.755261589520059
FORD TRANSIT CONNECT,PHEV,89,40877.0,48374.0,44514.875,44392.0,0.17767172751652344,0.7445150664104567,0.07781320607301982,0.0,0.07781320607301982
FORD TRANSIT CONNECT,ICE,427,31178.0,42364.0,36839.625,36950.0,0.16506349085171895,0.79520065144922,0.039735857699060996,0.0,0.79520065144922
FORD TRANSIT COURIER,BEV,51,34784.0,36331.0,35557.5,35557.5,0.09762389328908651,0.8699817222560698,0.032394384454843606,0.0,0.09762389328908651
FORD TRANSIT COURIER,ICE,296,22075.0,29453.0,26426.363636363636,26567.0,0.09364505295789202,0.906354947042108,0.0,0.0,0.906354947042108
FORD TRANSIT CUSTOM,PHEV,215,53074.0,73364.0,60476.15,58370.0,0.26355793544548567,0.5806485200059497,0.15579354454856462,0.0,0.15579354454856462
FORD TRANSIT CUSTOM,BEV,75,57953.0,83003.0,65435.375,63516.5,0.2557388098164374,0.545652777227134,0.19860841295642864,3.96463545177021e-05,0.2557388098164374
FORD TRANSIT CUSTOM,ICE,1686,42305.0,76815.0,53926.333333333336,53372.0,0.30421342477140484,0.5447449085619285,0.15104166666666666,0.0,0.5447449085619285
"FORD TRANSIT, TOURNEO",ICE,793,22075.0,76815.0,39751.143550893554,40133.0,0.17755575422234035,0.7667625099668978,0.055681735810761836,0.0,0.7667625099668978
HYUNDAI STARIA,ICE,104,49500.0,58950.0,54483.333333333336,55000.0,0.3083706136381268,0.5369656848801427,0.1546637014817305,0.0,0.5369656848801427
MERCEDES CITAN,BEV,91,27875.0,35381.0,32102.090909090908,32630.0,0.09482668204939955,0.8981724264513085,0.007000891499292045,0.0,0.09482668204939955
MERCEDES CITAN,ICE,311,25365.0,38899.0,31906.73076923077,32215.0,0.10066500913638679,0.892145702902675,0.007189287960938202,0.0,0.892145702902675
MERCEDES SPRINTER,BEV,3,45211.0,85042.0,58695.125,58767.5,0.2740105132962276,0.5476654298082869,0.17832405689548547,0.0,0.2740105132962276
MERCEDES SPRINTER,ICE,844,31440.0,77104.0,54557.15246636771,53763.0,0.30108863086223187,0.542904482673812,0.15600688646395608,0.0,0.542904482673812
MERCEDES VITO,BEV,88,43056.0,58058.0,50395.9,49488.5,0.24967066336213634,0.6131466720253645,0.13718266461249917,0.0,0.24967066336213634
MERCEDES VITO,ICE,679,33579.0,65181.0,49507.77878787879,49376.5,0.24967066336213634,0.6133364592404046,0.13699287739745908,0.0,0.6133364592404046
NISSAN PRIMASTAR,ICE,112,42554.0,73770.0,51935.92537313433,51432.0,0.31566147234053504,0.5233487318724023,0.16098979578706266,0.0,0.5233487318724023
NISSAN TOWNSTAR,BEV,5,36490.0,46493.0,42065.666666666664,42201.0,0.1642223598564968,0.755261589520059,0.08051605062344432,0.0,0.1642223598564968
NISSAN TOWNSTAR,ICE,184,28251.0,39650.0,33692.6875,33501.5,0.10415622807896582,0.8800481010121255,0.01579567090890871,0.0,0.8800481010121255
OPEL COMBO,BEV,48,37485.0,42600.0,39951.125,39975.0,0.18736143235502078,0.7574032573133755,0.05523531033160361,0.0,0.18736143235502078
OPEL COMBO,ICE,9,26180.0,32840.0,28277.5625,28342.75,0.11361450748729221,0.8863854925127078,0.0,0.0,0.8863854925127078
OPEL MOVANO,ICE,20,41293.0,58310.0,50255.19117647059,50337.5,0.2784658135785104,0.5778014111404622,0.14373277528102738,0.0,0.5778014111404622
OPEL ZAFIRA LIFE,BEV,15,47550.0,62100.0,54825.0,54825.0,0.3091639933521432,0.5350494080057718,0.15578659864208505,0.0,0.3091639933521432
OPEL ZAFIRA LIFE,ICE,71,40990.0,49540.0,45265.0,45265.0,0.18356421138806903,0.7220091776719736,0.09442661093995734,0.0,0.7220091776719736
PEUGEOT BOXER,ICE,154,41472.0,58072.0,50023.35294117647,50099.5,0.2633801735391231,0.5950461271815798,0.14157369927929705,0.0,0.5950461271815798
PEUGEOT EXPERT,BEV,5,44330.0,59857.0,51031.71428571428,50830.0,0.2743868049400905,0.5815655897146672,0.14404760534524233,0.0,0.2743868049400905
PEUGEOT EXPERT,ICE,341,37485.0,52122.0,44387.0,44208.5,0.1794929228931341,0.7431442193849797,0.07736285772188624,0.0,0.7431442193849797
PEUGEOT RIFTER,BEV,8,38540.0,42670.0,40542.0,40290.0,0.17667848770812045,0.7629740938871191,0.060347418404760475,0.0,0.17667848770812045
PEUGEOT RIFTER,ICE,21,27790.0,31690.0,29656.666666666668,29490.0,0.10684840548167548,0.8931515945183245,0.0,0.0,0.8931515945183245
RENAULT KANGOO,BEV,18,35850.0,43126.0,40161.07692307692,40250.0,0.17755575422234035,0.7667625099668978,0.055681735810761836,0.0,0.17755575422234035
RENAULT KANGOO,ICE,328,26180.0,35200.0,30783.382352941175,30822.5,0.10541765819596671,0.8920984523457991,0.0024838894582341806,0.0,0.8920984523457991
RENAULT TRAFIC,ICE,124,38735.0,63510.0,47706.56363636364,46291.0,0.19178655944378128,0.7044250382190949,0.10378840233712383,0.0,0.7044250382190949
TOYOTA PROACE,BEV,21,36432.0,71138.0,53045.06976744186,51111.0,0.3106585788561525,0.5299087572637374,0.1594326638801101,0.0,0.3106585788561525
TOYOTA PROACE,ICE,266,24265.0,60225.0,35784.94465648855,35638.75,0.10228445700005433,0.8637746509480089,0.03394089205193676,0.0,0.8637746509480089
VW CADDY,PHEV,245,44351.0,52835.0,49188.05,49310.0,0.25254951678733084,0.6109832182297401,0.13646726498292908,0.0,0.13646726498292908
VW CADDY,ICE,989,30113.0,48022.0,39742.25355113637,40101.5,0.17755575422234035,0.7667625099668978,0.055681735810761836,0.0,0.7667625099668978
VW CRAFTER,ICE,202,54978.0,80248.0,68029.6338028169,68485.0,0.22351666215117855,0.5078027634787321,0.2686805743700894,5.41858574911948e-05,0.5078027634787321
VW ID. BUZZ,BEV,510,49998.0,75065.0,61397.72727272727,61077.0,0.2729156321169883,0.5516019109916266,0.1754824568913851,0.0,0.2729156321169883
VW TRANSPORTER,PHEV,423,55258.0,102847.0,71282.0,64037.0,0.2603242458461042,0.5385546055815454,0.2011211485723504,4.032908533634457e-05,0.2011211485723504
VW TRANSPORTER,BEV,24,59310.0,79724.0,68482.52222222222,67895.5,0.25723143142630217,0.4846147933693731,0.25815377520432475,5.1241321001255416e-05,0.25723143142630217
VW TRANSPORTER,ICE,1848,43768.0,88995.0,63940.718468468476,62484.0,0.2777076040275723,0.5517701829730413,0.17052221299938647,0.0,0.5517701829730413
RENAULT MASTER,ICE,49,41995.0,54014.0,48515.828125,48659.0,0.2281076595965358,0.6476689311829072,0.12422340922055697,0.0,0.6476689311829072
