Entity,year,ev_sales_share,ev_stock_share,bev_sales,bev_stock,phev_sales,phev_stock,ev_sales,bev_share_ev_cars,phev_share_ev_cars,bev_share_car_sales,phev_share_car_sales,ev_stock,total_cars_sold,non_ev_cars_sold
Australia,2011,0.0061,0.00039,49,49,,,,,,,,,,
Australia,2012,0.029,0.0024,170,220,80,80,250,68,32,0.01972,0.00928,300,862069,861819
Australia,2013,0.033,0.0046,190,410,100,180,290,65.5172414,34.4827586,0.02162069,0.01137931,590,878788,878498
Australia,2014,0.15,0.014,370,780,950,1100,1320,28.030303,71.969697,0.04204545,0.10795455,1880,880000,878680
Australia,2015,0.19,0.027,760,1500,1000,2100,1760,43.1818182,56.8181818,0.08204545,0.10795455,3600,926316,924556
Australia,2016,0.15,0.037,670,2200,700,2800,1370,48.9051095,51.0948905,0.07335766,0.07664234,5000,913333,911963
Australia,2017,0.25,0.052,1200,3400,1100,3900,2300,52.173913,47.826087,0.13043478,0.11956522,7300,920000,917700
Australia,2018,0.41,0.077,1800,5200,1800,5700,3600,50,50,0.205,0.205,10900,878049,874449
Australia,2019,1.2,0.14,6300,12000,2900,8600,9200,68.4782609,31.5217391,0.82173913,0.37826087,20600,766667,757467
Australia,2020,1.1,0.18,5200,17000,1700,10000,6900,75.3623188,24.6376812,0.82898551,0.27101449,27000,627273,620373
Australia,2021,2.8,0.32,17000,34000,3400,14000,20400,83.3333333,16.6666667,2.33333333,0.46666667,48000,728571,708171
Australia,2022,5,0.59,33000,67000,5900,21000,38900,84.8329049,15.1670951,4.24164524,0.75835476,88000,778000,739100
Australia,2023,12,1.2,87000,150000,11000,31000,98000,88.7755102,11.2244898,10.6530612,1.34693878,181000,816667,718667
Australia,2024,13,1.9,91000,250000,21000,52000,112000,81.25,18.75,10.5625,2.4375,302000,861538,749538
Austria,2010,,0.0079,,350,,,,,,,,,,
Austria,2011,,0.022,,990,,,,,,,,,,
Austria,2012,,0.033,,1400,,140,,,,,,1540,,
Austria,2013,0.2,0.053,650,2100,,410,,,,,,2510,,
Austria,2014,0.57,0.089,1700,3400,,780,,,,,,4180,,
Austria,2015,0.9,0.14,1700,5000,1100,1500,2800,60.7142857,39.2857143,0.54642857,0.35357143,6500,311111,308311
Austria,2016,1.5,0.24,3800,9100,1200,2300,5000,76,24,1.14,0.36,11400,333333,328333
Austria,2017,2,0.38,5400,15000,1700,3900,7100,76.056338,23.943662,1.52112676,0.47887324,18900,355000,347900
Austria,2018,2.6,0.53,6800,21000,2300,5700,9100,74.7252747,25.2747253,1.94285714,0.65714286,26700,350000,340900
Austria,2019,3.5,0.75,9300,30000,2200,8000,11500,80.8695652,19.1304348,2.83043478,0.66956522,38000,328571,317071
Austria,2020,9.5,1.2,16000,45000,7600,15000,23600,67.7966102,32.2033898,6.44067797,3.05932203,60000,248421,224821
Austria,2021,20,2.1,33000,77000,15000,29000,48000,68.75,31.25,13.75,6.25,106000,240000,192000
Austria,2022,22,3,34000,110000,13000,42000,47000,72.3404255,27.6595745,15.9148936,6.08510638,152000,213636,166636
Austria,2023,27,4.1,48000,160000,17000,58000,65000,73.8461538,26.1538462,19.9384615,7.06153846,218000,240741,175741
Austria,2024,24,5.3,45000,200000,17000,75000,62000,72.5806452,27.4193548,17.4193548,6.58064516,275000,258333,196333
Belgium,2010,0.01,0.0013,48,61,8,9,56,85.7142857,14.2857143,0.00857143,0.00142857,70,560000,559944
Belgium,2011,0.052,0.0065,280,320,16,26,296,94.5945946,5.40540541,0.04918919,0.00281081,346,569231,568935
Belgium,2012,0.19,0.022,570,830,340,350,910,62.6373626,37.3626374,0.11901099,0.07098901,1180,478947,478037
Belgium,2013,0.11,0.033,500,1200,60,590,560,89.2857143,10.7142857,0.09821429,0.01178571,1790,509091,508531
Belgium,2014,0.41,0.067,1300,2200,650,1500,1950,66.6666667,33.3333333,0.27333333,0.13666667,3700,475610,473660
Belgium,2015,0.76,0.13,1400,3300,2500,3800,3900,35.8974359,64.1025641,0.27282051,0.48717949,7100,513158,509258
Belgium,2016,1.7,0.28,2100,5200,7100,11000,9200,22.826087,77.173913,0.38804348,1.31195652,16200,541176,531976
Belgium,2017,2.6,0.53,2700,7500,12000,23000,14700,18.3673469,81.6326531,0.47755102,2.12244898,30500,565385,550685
Belgium,2018,2.4,0.75,3600,11000,9600,33000,13200,27.2727273,72.7272727,0.65454545,1.74545455,44000,550000,536800
Belgium,2019,3.2,1,8800,19000,8900,41000,17700,49.7175141,50.2824859,1.59096045,1.60903955,60000,553125,535425
Belgium,2020,11,1.8,15000,32000,32000,73000,47000,31.9148936,68.0851064,3.5106383,7.4893617,105000,427273,380273
Belgium,2021,18,2.9,23000,52000,48000,120000,71000,32.3943662,67.6056338,5.83098592,12.1690141,172000,394444,323444
Belgium,2022,26,4.5,38000,90000,59000,180000,97000,39.1752577,60.8247423,10.185567,15.814433,270000,373077,276077
Belgium,2023,41,7.8,93000,190000,100000,280000,193000,48.1865285,51.8134715,19.7564767,21.2435233,470000,470732,277732
Belgium,2024,43,11,130000,320000,67000,350000,197000,65.9898477,34.0101523,28.3756345,14.6243655,670000,458140,261140
Brazil,2010,0.00035,,10,,,,,,,,,,,
Brazil,2011,0.00028,,8,,,,,,,,,,,
Brazil,2012,0.0013,,22,,18,,40,55,45,0.000715,0.000585,,3076923,3076883
Brazil,2013,0.0024,,39,,33,,72,54.1666667,45.8333333,0.0013,0.0011,,3000000,2999928
Brazil,2014,0.0022,0.0002,61,61,,,,,,,,,,
Brazil,2015,0.0042,0.00048,61,120,28,28,89,68.5393258,31.4606742,0.00287865,0.00132135,148,2119048,2118959
Brazil,2016,0.011,0.001,130,250,47,75,177,73.4463277,26.5536723,0.0080791,0.0029209,325,1609091,1608914
Brazil,2017,0.023,0.0022,140,320,290,360,430,32.5581395,67.4418605,0.00748837,0.01551163,680,1869565,1869135
Brazil,2018,0.02,0.0034,180,350,230,700,410,43.902439,56.097561,0.00878049,0.01121951,1050,2050000,2049590
Brazil,2019,0.084,0.0094,540,890,1400,2100,1940,27.8350515,72.1649485,0.02338144,0.06061856,2990,2309524,2307584
Brazil,2020,0.16,0.017,800,1600,1800,3800,2600,30.7692308,69.2307692,0.04923077,0.11076923,5400,1625000,1622400
Brazil,2021,0.92,0.063,2900,4400,11000,15000,13900,20.8633094,79.1366906,0.19194245,0.72805755,19400,1510870,1496970
Brazil,2022,1.2,0.12,8500,13000,10000,26000,18500,45.9459459,54.0540541,0.55135135,0.64864865,39000,1541667,1523167
Brazil,2023,3,0.3,19000,33000,33000,59000,52000,36.5384615,63.4615385,1.09615385,1.90384615,92000,1733333,1681333
Brazil,2024,6.4,0.7,62000,94000,63000,120000,125000,49.6,50.4,3.1744,3.2256,214000,1953125,1828125
Canada,2011,0.041,0.0029,220,250,300,300,520,42.3076923,57.6923077,0.01734615,0.02365385,550,1268293,1267773
Canada,2012,0.14,0.013,620,830,1300,1600,1920,32.2916667,67.7083333,0.04520833,0.09479167,2430,1371429,1369509
Canada,2013,0.22,0.027,1600,2400,1500,3100,3100,51.6129032,48.3870968,0.11354839,0.10645161,5500,1409091,1405991
Canada,2014,0.35,0.053,2800,5400,2300,5300,5100,54.9019608,45.0980392,0.19215686,0.15784314,10700,1457143,1452043
Canada,2015,0.45,0.084,4400,9900,2400,7700,6800,64.7058824,35.2941176,0.29117647,0.15882353,17600,1511111,1504311
Canada,2016,0.76,0.13,5200,15000,6400,14000,11600,44.8275862,55.1724138,0.34068966,0.41931034,29000,1526316,1514716
Canada,2017,1,0.21,8700,25000,8000,22000,16700,52.0958084,47.9041916,0.52095808,0.47904192,47000,1670000,1653300
Canada,2018,2.8,0.39,23000,45000,21000,42000,44000,52.2727273,47.7272727,1.46363636,1.33636364,87000,1571429,1527429
Canada,2019,3.4,0.6,32000,76000,19000,60000,51000,62.745098,37.254902,2.13333333,1.26666667,136000,1500000,1449000
Canada,2020,4.2,0.83,37000,130000,14000,82000,51000,72.5490196,27.4509804,3.04705882,1.15294118,212000,1214286,1163286
Canada,2021,6.4,1.2,59000,190000,28000,110000,87000,67.816092,32.183908,4.34022989,2.05977011,300000,1359375,1272375
Canada,2022,9.5,1.7,91000,280000,24000,130000,115000,79.1304348,20.8695652,7.5173913,1.9826087,410000,1210526,1095526
Canada,2023,13,2.3,130000,380000,41000,170000,171000,76.0233918,23.9766082,9.88304094,3.11695906,550000,1315385,1144385
Canada,2024,17,4.2,190000,620000,62000,240000,252000,75.3968254,24.6031746,12.8174603,4.18253968,860000,1482353,1230353
Chile,2011,0.0024,0.00028,6,6,,,,,,,,,,
Chile,2012,0.002,0.00047,5,11,,,,,,,,,,
Chile,2013,0.0019,0.00062,5,16,,,,,,,,,,
Chile,2014,0.0079,0.0012,5,19,14,14,19,26.3157895,73.6842105,0.00207895,0.00582105,33,240506,240487
Chile,2015,0.019,0.0023,13,32,23,37,36,36.1111111,63.8888889,0.00686111,0.01213889,69,189474,189438
Chile,2016,0.015,0.0032,22,54,9,46,31,70.9677419,29.0322581,0.01064516,0.00435484,100,206667,206636
Chile,2017,0.064,0.0069,120,170,15,61,135,88.8888889,11.1111111,0.05688889,0.00711111,231,210938,210803
Chile,2018,0.08,0.011,130,280,68,130,198,65.6565657,34.3434343,0.05252525,0.02747475,410,247500,247302
Chile,2019,0.14,0.017,220,440,85,210,305,72.1311475,27.8688525,0.10098361,0.03901639,650,217857,217552
Chile,2020,0.2,0.022,160,550,79,290,239,66.9456067,33.0543933,0.13389121,0.06610879,840,119500,119261
Chile,2021,0.29,0.034,560,820,300,590,860,65.1162791,34.8837209,0.18883721,0.10116279,1410,296552,295692
Chile,2022,0.6,0.068,1300,1700,470,1200,1770,73.4463277,26.5536723,0.44067797,0.15932203,2900,295000,293230
Chile,2023,0.75,0.13,1600,4100,510,1600,2110,75.8293839,24.1706161,0.56872038,0.18127962,5700,281333,279223
Chile,2024,2.1,0.26,4500,8600,1100,2700,5600,80.3571429,19.6428571,1.6875,0.4125,11300,266667,261067
China,2010,0.01,0.0031,1100,1600,340,340,1440,76.3888889,23.6111111,0.00763889,0.00236111,1940,14400000,14398560
China,2011,0.034,0.0091,4800,6300,320,660,5120,93.75,6.25,0.031875,0.002125,6960,15058824,15053704
China,2012,0.073,0.019,9600,16000,260,920,9860,97.3630832,2.63691684,0.07107505,0.00192495,16920,13506849,13496989
China,2013,0.095,0.031,15000,31000,730,1600,15730,95.3591863,4.64081373,0.09059123,0.00440877,32600,16557895,16542165
China,2014,0.4,0.07,49000,59000,24000,26000,73000,67.1232877,32.8767123,0.26849315,0.13150685,85000,18250000,18177000
China,2015,1,0.21,150000,210000,61000,87000,211000,71.0900474,28.9099526,0.71090047,0.28909953,297000,21100000,20889000
China,2016,1.5,0.39,260000,460000,79000,170000,339000,76.6961652,23.3038348,1.15044248,0.34955752,630000,22600000,22261000
China,2017,2.4,0.65,470000,930000,110000,280000,580000,81.0344828,18.9655172,1.94482759,0.45517241,1210000,24166667,23586667
China,2018,4.7,1.1,820000,1700000,270000,540000,1090000,75.2293578,24.7706422,3.53577982,1.16422018,2240000,23191489,22101489
China,2019,5,1.5,830000,2600000,230000,770000,1060000,78.3018868,21.6981132,3.91509434,1.08490566,3370000,21200000,20140000
China,2020,5.7,1.9,920000,3500000,220000,990000,1140000,80.7017544,19.2982456,4.6,1.1,4490000,20000000,18860000
China,2021,15,3,2700000,6200000,550000,1600000,3250000,83.0769231,16.9230769,12.4615385,2.53846154,7800000,21666667,18416667
China,2022,29,5,4400000,11000000,1500000,3100000,5900000,74.5762712,25.4237288,21.6271186,7.37E+00,14100000,20344828,14444828
China,2023,38,7.5,5400000,16000000,2700000,5800000,8100000,66.6666667,33.3333333,25.3333333,12.6666667,21800000,21315790,13215790
China,2024,48,11,6400000,23000000,4900000,11000000,11300000,56.6371681,43.3628319,27.1858407,20.8141593,34000000,23541667,12241667
Denmark,2010,,0.0037,,59,,20,,,,,,79,,
Denmark,2011,0.25,0.023,420,480,2,20,422,99.5260664,0.47393365,0.24881517,0.00118483,500,168800,168378
Denmark,2012,0.29,0.056,490,1200,12,14,502,97.6095618,2.39043825,0.28306773,0.00693227,1214,173103,172601
Denmark,2013,0.28,0.068,500,1500,10,14,510,98.0392157,1.96078431,0.2745098,0.0054902,1514,182143,181633
Denmark,2014,0.91,0.13,1600,2900,90,100,1690,94.6745562,5.32544379,0.86153846,0.04846154,3000,185714,184024
Denmark,2015,2.3,0.35,4300,7900,420,570,4720,91.1016949,8.89830508,2.09533898,0.20466102,8470,205217,200497
Denmark,2016,0.84,0.4,1300,8700,570,1100,1870,69.5187166,30.4812834,0.58395722,0.25604278,9800,222619,220749
Denmark,2017,0.6,0.42,710,8800,620,1800,1330,53.3834586,46.6165414,0.32030075,0.27969925,10600,221667,220337
Denmark,2018,2.1,0.59,1500,10000,3100,5200,4600,32.6086957,67.3913043,0.68478261,1.41521739,15200,219048,214448
Denmark,2019,4.2,0.96,5500,16000,3900,9900,9400,58.5106383,41.4893617,2.45744681,1.74255319,25900,223810,214410
Denmark,2020,16,2.3,14000,32000,18000,30000,32000,43.75,56.25,7,9,62000,200000,168000
Denmark,2021,35,5.2,25000,67000,40000,78000,65000,38.4615385,61.5384615,13.4615385,21.5384615,145000,185714,120714
Denmark,2022,38,7.8,31000,110000,26000,100000,57000,54.3859649,45.6140351,20.6666667,17.3333333,210000,150000,93000
Denmark,2023,46,11,63000,200000,17000,110000,80000,78.75,21.25,36.225,9.775,310000,173913,93913
Denmark,2024,56,17,89000,340000,7100,120000,96100,92.6118626,7.38813736,51.8626431,4.13735692,460000,171607,75507
European Union (27),2010,0.01,0.0024,1100,4900,91,40,1191,92.3593619,7.64063812,0.00923594,0.00076406,4940,11910000,11908809
European Union (27),2011,0.066,0.006,7100,12000,360,430,7460,95.1742627,4.82573727,0.06281501,0.00318499,12430,11303030,11295570
European Union (27),2012,0.19,0.015,12000,23000,7500,7900,19500,61.5384615,38.4615385,0.11692308,0.07307692,30900,10263158,10243658
European Union (27),2013,0.47,0.035,21000,44000,24000,33000,45000,46.6666667,53.3333333,0.21933333,0.25066667,77000,9574468,9529468
European Union (27),2014,0.56,0.06,33000,75000,24000,57000,57000,57.8947368,42.1052632,0.32421053,0.23578947,132000,10178571,10121571
European Union (27),2015,0.81,0.11,49000,120000,43000,130000,92000,53.2608696,46.7391304,0.43141304,0.37858696,250000,11358025,11266025
European Union (27),2016,1.1,0.16,54000,170000,86000,190000,140000,38.5714286,61.4285714,0.42428571,0.67571429,360000,12727273,12587273
European Union (27),2017,1.5,0.23,84000,250000,100000,290000,184000,45.6521739,54.3478261,0.68478261,0.81521739,540000,12266667,12082667
European Union (27),2018,1.9,0.33,130000,370000,110000,390000,240000,54.1666667,45.8333333,1.02916667,0.87083333,760000,12631579,12391579
European Union (27),2019,2.9,0.48,250000,610000,140000,500000,390000,64.1025641,35.8974359,1.85897436,1.04102564,1110000,13448276,13058276
European Union (27),2020,10,0.91,540000,1100000,510000,1000000,1050000,51.4285714,48.5714286,5.14285714,4.85714286,2100000,10500000,9450000
European Union (27),2021,18,1.6,890000,2000000,870000,1900000,1760000,50.5681818,49.4318182,9.10227273,8.89772727,3900000,9777778,8017778
European Union (27),2022,21,2.4,1100000,3000000,880000,2700000,1980000,55.5555556,44.4444444,11.6666667,9.33333333,5700000,9428571,7448571
European Union (27),2023,22,3.4,1600000,4700000,820000,3500000,2420000,66.1157025,33.8842975,14.5454545,7.45454545,8200000,11000000,8580000
European Union (27),2024,21,4.4,1500000,6000000,770000,4200000,2270000,66.0792952,33.9207048,13.876652,7.12334802,10200000,10809524,8539524
Europe,2010,0.012,0.0038,1700,9800,110,63,1810,93.9226519,6.07734807,0.01127072,0.00072928,9863,15083333,15081523
Europe,2011,0.074,0.0076,11000,20000,410,510,11410,96.4066608,3.59333918,0.07134093,0.00265907,20510,15418919,15407509
Europe,2012,0.2,0.017,19000,37000,9200,9700,28200,67.3758865,32.6241135,0.13475177,0.06524823,46700,14100000,14071800
Europe,2013,0.43,0.038,33000,68000,26000,36000,59000,55.9322034,44.0677966,0.24050847,0.18949153,104000,13720930,13661930
Europe,2014,0.68,0.071,62000,130000,34000,70000,96000,64.5833333,35.4166667,0.43916667,0.24083333,200000,14117647,14021647
Europe,2015,1,0.13,89000,210000,73000,170000,162000,54.9382716,45.0617284,0.54938272,0.45061728,380000,16200000,16038000
Europe,2016,1.4,0.21,93000,300000,140000,290000,233000,39.9141631,60.0858369,0.55879828,0.84120172,590000,16642857,16409857
Europe,2017,1.8,0.3,140000,430000,180000,450000,320000,43.75,56.25,0.7875,1.0125,880000,17777778,17457778
Europe,2018,2.3,0.43,200000,620000,190000,630000,390000,51.2820513,48.7179487,1.17948718,1.12051282,1250000,16956522,16566522
Europe,2019,3.3,0.6,360000,970000,210000,800000,570000,63.1578947,36.8421053,2.08421053,1.21578947,1770000,17272727,16702727
Europe,2020,10,1.1,750000,1700000,630000,1400000,1380000,54.3478261,45.6521739,5.43478261,4.56521739,3100000,13800000,12420000
Europe,2021,17,1.8,1200000,2900000,1100000,2500000,2300000,52.173913,47.826087,8.86956522,8.13043478,5400000,13529412,11229412
Europe,2022,21,2.5,1600000,4400000,1000000,3400000,2600000,61.5384615,38.4615385,12.9230769,8.07692308,7800000,12380952,9780952
Europe,2023,22,3.6,2200000,6700000,1000000,4500000,3200000,68.75,31.25,15.125,6.875,11200000,14545455,11345455
Europe,2024,22,4.7,2200000,8700000,980000,5400000,3180000,69.1823899,30.8176101,15.2201258,6.77987421,14100000,14454546,11274546
Finland,2011,0.025,0.0019,30,56,,,,,,,,,,
Finland,2012,0.17,0.008,51,110,130,130,181,28.1767956,71.8232044,0.04790055,0.12209945,240,106471,106290
Finland,2013,0.21,0.016,50,170,170,300,220,22.7272727,77.2727273,0.04772727,0.16227273,470,104762,104542
Finland,2014,0.41,0.032,180,360,260,570,440,40.9090909,59.0909091,0.16772727,0.24227273,930,107317,106877
Finland,2015,0.6,0.054,240,610,420,970,660,36.3636364,63.6363636,0.21818182,0.38181818,1580,110000,109340
Finland,2016,1.2,0.11,220,840,1200,2400,1420,15.4929577,84.5070423,0.18591549,1.01408451,3240,118333,116913
Finland,2017,2.5,0.24,500,1400,2600,5700,3100,16.1290323,83.8709677,0.40322581,2.09677419,7100,124000,120900
Finland,2018,4.6,0.51,780,2400,4900,13000,5680,13.7323944,86.2676056,0.63169014,3.96830986,15400,123478,117798
Finland,2019,6.7,0.95,1900,4700,6000,25000,7900,24.0506329,75.9493671,1.61139241,5.08860759,29700,117910,110010
Finland,2020,18,1.8,4200,9700,13000,46000,17200,24.4186047,75.5813953,4.39534884,13.6046512,55700,95556,78356
Finland,2021,30,3.2,10000,23000,20000,77000,30000,33.3333333,66.6666667,10,20,100000,100000,70000
Finland,2022,37,4.7,15000,45000,16000,100000,31000,48.3870968,51.6129032,17.9032258,19.0967742,145000,83784,52784
Finland,2023,54,7,30000,84000,18000,140000,48000,62.5,37.5,33.75,20.25,224000,88889,40889
Finland,2024,50,8.3,22000,110000,15000,150000,37000,59.4594595,40.5405405,29.7297297,20.2702703,260000,74000,37000
France,2010,0.012,0.00096,190,300,82,,272,69.8529412,30.1470588,0.00838235,0.00361765,,2266667,2266395
France,2011,0.12,0.0095,2600,2900,56,96,2656,97.8915663,2.10843373,0.11746988,0.00253012,2996,2213333,2210677
France,2012,0.33,2.90E-02,5700,8600,660,700,6360,89.6226415,10.3773585,0.29575472,0.03424528,9300,1927273,1920913
France,2013,0.53,0.052,8900,17000,850,1500,9750,91.2820513,8.71794872,0.48379487,0.04620513,18500,1839623,1829873
France,2014,0.69,0.086,11000,28000,2100,3600,13100,83.9694656,16.0305344,0.57938931,0.11061069,31600,1898551,1885451
France,2015,1.2,0.15,18000,45000,5800,9300,23800,75.6302521,24.3697479,0.90756303,0.29243697,54300,1983333,1959533
France,2016,1.4,0.22,23000,67000,7600,17000,30600,75.1633987,24.8366013,1.05228758,0.34771242,84000,2185714,2155114
France,2017,1.7,0.38,26000,93000,12000,54000,38000,68.4210526,31.5789474,1.16315789,0.53684211,147000,2235294,2197294
France,2018,2,0.5,33000,120000,15000,68000,48000,68.75,31.25,1.375,0.625,188000,2400000,2352000
France,2019,2.7,0.66,45000,170000,19000,85000,64000,70.3125,29.6875,1.8984375,0.8015625,255000,2370370,2306370
France,2020,11,1.1,110000,280000,75000,160000,185000,59.4594595,40.5405405,6.54054054,4.45945946,440000,1681818,1496818
France,2021,17,1.9,170000,440000,140000,300000,310000,54.8387097,45.1612903,9.32258065,7.67741935,740000,1823529,1513529
France,2022,20,2.7,210000,620000,130000,430000,340000,61.7647059,38.2352941,12.3529412,7.64705882,1050000,1700000,1360000
France,2023,25,4,310000,980000,160000,590000,470000,65.9574468,34.0425532,16.4893617,8.5106383,1570000,1880000,1410000
France,2024,24,4.4,300000,1100000,150000,650000,450000,66.6666667,33.3333333,16,8,1750000,1875000,1425000
Germany,2010,0.0049,0.00058,140,250,,,,,,,,,,
Germany,2011,0.052,0.0044,1400,1600,240,240,1640,85.3658537,14.6341463,0.04439024,0.00760976,1840,3153846,3152206
Germany,2012,0.11,1.20E-02,2200,3900,1200,1400,3400,64.7058824,35.2941176,0.07117647,0.03882353,5300,3090909,3087509
Germany,2013,0.23,0.028,5200,9200,1600,3000,6800,76.4705882,23.5294118,0.17588235,0.05411765,12200,2956522,2949722
Germany,2014,0.45,0.056,9100,18000,4400,7400,13500,67.4074074,32.5925926,0.30333333,0.14666667,25400,3000000,2986500
Germany,2015,0.73,0.097,12000,26000,11000,19000,23000,52.173913,47.826087,0.38086957,0.34913043,45000,3150685,3127685
Germany,2016,0.74,0.14,11000,34000,13000,32000,24000,45.8333333,54.1666667,0.33916667,0.40083333,66000,3243243,3219243
Germany,2017,1.6,0.22,25000,54000,29000,50000,54000,46.2962963,53.7037037,0.74074074,0.85925926,104000,3375000,3321000
Germany,2018,2,0.35,36000,83000,31000,82000,67000,53.7313433,46.2686567,1.07462687,0.92537313,165000,3350000,3283000
Germany,2019,3,0.5,63000,140000,45000,100000,108000,58.3333333,41.6666667,1.75,1.25,240000,3600000,3492000
Germany,2020,14,1.3,190000,310000,200000,300000,390000,48.7179487,51.2820513,6.82051282,7.17948718,610000,2785714,2395714
Germany,2021,26,2.6,360000,620000,330000,630000,690000,52.173913,47.826087,13.5652174,12.4347826,1250000,2653846,1963846
Germany,2022,31,3.8,470000,1000000,360000,860000,830000,56.626506,43.373494,17.5542169,13.4457831,1860000,2677419,1847419
Germany,2023,24,5.2,520000,1500000,180000,1000000,700000,74.2857143,25.7142857,17.8285714,6.17142857,2500000,2916667,2216667
Germany,2024,19,6.5,380000,1900000,190000,1200000,570000,66.6666667,33.3333333,12.6666667,6.33333333,3100000,3000000,2430000
Greece,2013,0.0051,6.80E-05,3,3,,,,,,,,,,
Greece,2014,0.055,0.00096,39,42,,,,,,,,,,
Greece,2015,0.075,0.0027,35,97,22,22,57,61.4035088,38.5964912,0.04605263,0.02894737,119,76000,75943
Greece,2016,0.12,0.005,41,140,56,78,97,42.2680412,57.7319588,0.05072165,0.06927835,218,80833,80736
Greece,2017,0.22,0.0096,50,190,140,220,190,26.3157895,73.6842105,0.05789474,0.16210526,410,86364,86174
Greece,2018,0.29,0.017,88,280,210,440,298,29.5302013,70.4697987,0.08563758,0.20436242,720,102759,102461
Greece,2019,0.42,0.029,190,470,290,730,480,39.5833333,60.4166667,0.16625,0.25375,1200,114286,113806
Greece,2020,2.7,0.083,680,1100,1500,2200,2180,31.1926606,68.8073394,0.84220183,1.85779817,3300,80741,78561
Greece,2021,6.9,0.26,2200,3300,4800,7000,7000,31.4285714,68.5714286,2.16857143,4.73142857,10300,101449,94449
Greece,2022,7.9,0.52,2800,7400,5500,12000,8300,33.7349398,66.2650602,2.66506024,5.23493976,19400,105063,96763
Greece,2023,13,0.89,7000,13000,10000,21000,17000,41.1764706,58.8235294,5.35294118,7.64705882,34000,130769,113769
Greece,2024,12,1.2,8700,18000,8300,27000,17000,51.1764706,48.8235294,6.14117647,5.85882353,45000,141667,124667
Iceland,2010,,0.0067,,14,,,,,,,,,,
Iceland,2011,,0.0067,,14,,,,,,,,,,
Iceland,2012,0.33,0.019,17,31,9,9,26,65.3846154,34.6153846,0.21576923,0.11423077,40,7879,7853
Iceland,2013,1.4,0.067,80,110,23,32,103,77.6699029,22.3300971,1.08737864,0.31262136,142,7357,7254
Iceland,2014,2.4,0.15,200,240,29,52,229,87.3362445,12.6637555,2.09606987,0.30393013,292,9542,9313
Iceland,2015,3.9,0.36,390,570,170,140,560,69.6428571,30.3571429,2.71607143,1.18392857,710,14359,13799
Iceland,2016,6.3,0.75,380,960,780,600,1160,32.7586207,67.2413793,2.0637931,4.2362069,1560,18413,17253
Iceland,2017,14,1.7,840,1700,2200,2200,3040,27.6315789,72.3684211,3.86842105,10.1315789,3900,21714,18674
Iceland,2018,20,3.4,780,2400,2900,5600,3680,21.1956522,78.8043478,4.23913043,15.7608696,8000,18400,14720
Iceland,2019,26,4.7,1100,3500,2000,7500,3100,35.483871,64.516129,9.22580645,16.7741935,11000,11923,8823
Iceland,2020,52,6.5,2500,5400,2400,9600,4900,51.0204082,48.9795918,26.5306122,25.4693878,15000,9423,4523
Iceland,2021,70,9.3,4200,8500,4900,13000,9100,46.1538462,53.8461538,32.3076923,37.6923077,21500,13000,3900
Iceland,2022,69,14,6900,14000,5100,19000,12000,57.5,42.5,39.675,29.325,33000,17391,5391
Iceland,2023,71,18,10000,22000,2400,22000,12400,80.6451613,19.3548387,57.2580645,13.7419355,44000,17465,5065
Iceland,2024,42,18,2700,25000,1600,28000,4300,62.7906977,37.2093023,26.372093,15.627907,53000,10238,5938
India,2010,0.021,0.0051,450,880,,,,,,,,,,
India,2011,0.056,0.0067,1400,1300,,,,,,,,,,
India,2012,0.0072,0.012,190,2800,,,,,,,,,,
India,2013,0.016,0.012,410,2900,,,,,,,,,,
India,2014,0.038,0.013,1000,3400,,,,,,,,,,
India,2015,0.017,0.015,450,4400,,,,,,,,,,
India,2016,0.026,0.015,730,4800,,,,,,,,,,
India,2017,0.031,0.021,920,7000,,,,,,,,,,
India,2018,0.03,0.022,920,7900,,,,,,,,,,
India,2019,0.024,0.022,680,8600,7,7,687,98.9810771,1.01892285,0.02375546,0.00024454,8607,2862500,2861813
India,2020,0.12,0.029,3100,12000,43,50,3143,98.6318804,1.36811963,0.11835826,0.00164174,12050,2619167,2616024
India,2021,0.41,0.055,12000,23000,50,100,12050,99.5850622,0.41493776,0.40829876,0.00170124,23100,2939024,2926974
India,2022,1.4,0.16,48000,72000,23,120,48023,99.9521063,0.04789372,1.39932949,0.00067051,72120,3430214,3382191
India,2023,2.1,0.31,82000,150000,270,390,82270,99.6718123,0.32818767,2.09310806,0.00689194,150390,3917619,3835349
India,2024,2.1,0.48,92000,240000,95,480,92095,99.8968456,0.10315435,2.09783376,0.00216624,240480,4385476,4293381
Israel,2010,,0.00033,,6,,,,,,,,,,
Israel,2011,0.0013,0.0044,3,85,,,,,,,,,,
Israel,2012,0.27,0.03,600,610,1,1,601,99.8336106,0.16638935,0.26955075,0.00044925,611,222593,221992
Israel,2013,0.21,0.049,460,1000,17,18,477,96.4360587,3.5639413,0.20251572,0.00748428,1018,227143,226666
Israel,2014,0.022,0.056,6,1200,52,70,58,10.3448276,89.6551724,0.00227586,0.01972414,1270,263636,263578
Israel,2015,0.024,0.056,3,1200,65,140,68,4.41176471,95.5882353,0.00105882,0.02294118,1340,283333,283265
Israel,2016,0.022,0.054,5,1200,63,200,68,7.35294118,92.6470588,0.00161765,0.02038235,1400,309091,309023
Israel,2017,0.52,0.11,130,1400,1500,1700,1630,7.97546012,92.0245399,0.04147239,0.47852761,3100,313462,311832
Israel,2018,1.2,0.23,130,1500,3600,5300,3730,3.48525469,96.5147453,0.04182306,1.15817694,6800,310833,307103
Israel,2019,1.6,0.37,850,2200,3900,9200,4750,17.8947368,82.1052632,0.28631579,1.31368421,11400,296875,292125
Israel,2020,2.6,0.58,1500,3800,5400,15000,6900,21.7391304,78.2608696,0.56521739,2.03478261,18800,265385,258485
Israel,2021,6.9,1.3,11000,15000,13000,28000,24000,45.8333333,54.1666667,3.1625,3.7375,43000,347826,323826
Israel,2022,12,2.5,27000,44000,16000,44000,43000,62.7906977,37.2093023,7.53488372,4.46511628,88000,358333,315333
Israel,2023,17,4.2,49000,91000,16000,60000,65000,75.3846154,24.6153846,12.8153846,4.18461538,151000,382353,317353
Israel,2024,21,5.9,69000,160000,7400,68000,76400,90.3141361,9.68586387,18.9659686,2.03403141,228000,363810,287410
Italy,2010,0.002,0.0017,40,650,,,,,,,,,,
Italy,2011,0.0065,0.002,110,760,,,,,,,,,,
Italy,2012,0.033,0.0032,460,1200,,,,,,,,,,
Italy,2013,0.08,5.80E-03,860,2000,180,180,1040,82.6923077,17.3076923,0.06615385,0.01384615,2180,1300000,1298960
Italy,2014,0.1,0.0094,1000,3100,340,520,1340,74.6268657,25.3731343,0.07462687,0.02537313,3620,1340000,1338660
Italy,2015,0.14,0.015,1500,4400,740,1300,2240,66.9642857,33.0357143,0.09375,0.04625,5700,1600000,1597760
Italy,2016,0.15,0.022,1400,5800,1300,2700,2700,51.8518519,48.1481481,0.07777778,0.07222222,8500,1800000,1797300
Italy,2017,0.25,0.034,2000,7800,2900,5600,4900,40.8163265,59.1836735,0.10204082,0.14795918,13400,1960000,1955100
Italy,2018,0.5,0.058,5000,13000,4700,10000,9700,51.5463918,48.4536082,0.25773196,0.24226804,23000,1940000,1930300
Italy,2019,0.88,0.1,11000,23000,6500,17000,17500,62.8571429,37.1428571,0.55314286,0.32685714,40000,1988636,1971136
Italy,2020,4.2,0.25,33000,55000,27000,44000,60000,55,45,2.31,1.89,99000,1428571,1368571
Italy,2021,9.1,0.6,67000,120000,71000,110000,138000,48.5507246,51.4492754,4.41811594,4.68188406,230000,1516484,1378484
Italy,2022,8.5,0.89,49000,170000,65000,180000,114000,42.9824561,57.0175439,3.65350877,4.84649123,350000,1341176,1227176
Italy,2023,9.2,1.2,66000,240000,70000,250000,136000,48.5294118,51.4705882,4.46470588,4.73529412,490000,1478261,1342261
Italy,2024,7.9,1.5,66000,300000,52000,300000,118000,55.9322034,44.0677966,4.41864407,3.48135593,600000,1493671,1375671
Japan,2010,0.058,0.0061,2400,3500,,,,,,,,,,
Japan,2011,0.31,0.027,13000,16000,15,15,13015,99.8847484,0.11525163,0.30964272,0.00035728,16015,4198387,4185372
Japan,2012,0.53,0.068,13000,30000,11000,11000,24000,54.1666667,45.8333333,0.28708333,0.24291667,41000,4528302,4504302
Japan,2013,0.63,0.12,15000,44000,14000,25000,29000,51.7241379,48.2758621,0.32586207,0.30413793,69000,4603175,4574175
Japan,2014,0.69,0.18,16000,70000,16000,41000,32000,50,50,0.345,0.345,111000,4637681,4605681
Japan,2015,0.58,0.22,10000,79000,14000,55000,24000,41.6666667,58.3333333,0.24166667,0.33833333,134000,4137931,4113931
Japan,2016,0.6,0.25,15000,88000,9400,65000,24400,61.4754098,38.5245902,0.36885246,0.23114754,153000,4066667,4042267
Japan,2017,1.2,0.31,18000,100000,36000,100000,54000,33.3333333,66.6666667,0.4,0.8,200000,4500000,4446000
Japan,2018,1.1,0.36,27000,110000,23000,120000,50000,54,46,0.594,0.506,230000,4545455,4495455
Japan,2019,0.9,0.41,21000,120000,18000,140000,39000,53.8461538,46.1538462,0.48461538,0.41538462,260000,4333333,4294333
Japan,2020,0.77,4.50E-01,15000,140000,15000,160000,30000,50,50,0.385,0.385,300000,3896104,3866104
Japan,2021,1.2,0.51,22000,160000,23000,180000,45000,48.8888889,51.1111111,0.58666667,0.61333333,340000,3750000,3705000
Japan,2022,2.8,0.63,59000,210000,38000,200000,97000,60.8247423,39.1752577,1.70309278,1.09690722,410000,3464286,3367286
Japan,2023,3.5,0.84,88000,290000,52000,250000,140000,62.8571429,37.1428571,2.2,1.3,540000,4000000,3860000
Japan,2024,2.8,1,60000,340000,43000,280000,103000,58.2524272,41.7475728,1.63106796,1.16893204,620000,3678571,3575571
South Korea,2010,0.005,0.00037,61,61,,,,,,,,,,
South Korea,2011,0.023,0.002,270,340,,,,,,,,,,
South Korea,2012,0.041,0.005,510,850,,,,,,,,,,
South Korea,2013,0.048,0.0084,600,1400,,,,,,,,,,
South Korea,2014,0.092,0.015,1300,2700,,,,,,,,,,
South Korea,2015,0.22,0.033,3100,5800,250,250,3350,92.5373134,7.46268657,0.20358209,0.01641791,6050,1522727,1519377
South Korea,2016,0.33,0.059,4700,10000,330,580,5030,93.4393638,6.56063618,0.3083499,0.0216501,10580,1524242,1519212
South Korea,2017,0.96,0.13,14000,24000,670,1300,14670,95.4328562,4.56714383,0.91615542,0.04384458,25300,1528125,1513455
South Korea,2018,3.9,0.31,55000,55000,4400,5600,59400,92.5925926,7.40740741,3.61111111,0.28888889,60600,1523077,1463677
South Korea,2019,2.4,0.49,33000,89000,2700,11000,35700,92.4369748,7.56302521,2.21848739,0.18151261,100000,1487500,1451800
South Korea,2020,2.5,0.69,31000,120000,8700,24000,39700,78.0856423,21.9143577,1.95214106,0.54785894,144000,1588000,1548300
South Korea,2021,6.3,1.1,72000,190000,19000,44000,91000,79.1208791,20.8791209,4.98461538,1.31538462,234000,1444444,1353444
South Korea,2022,9.6,1.7,120000,300000,11000,57000,131000,91.6030534,8.39694656,8.79389313,0.80610687,357000,1364583,1233583
South Korea,2023,8.7,2.2,120000,420000,12000,69000,132000,90.9090909,9.09090909,7.90909091,0.79090909,489000,1517241,1385241
South Korea,2024,9.2,2.8,120000,540000,7900,77000,127900,93.8232995,6.17670055,8.63174355,0.56825645,617000,1390217,1262317
Mexico,2011,0.0004,2.10E-05,3,3,,,,,,,,,,
Mexico,2012,0.01,0.0006,88,91,,,,,,,,,,
Mexico,2013,0.0013,0.00066,12,100,,,,,,,,,,
Mexico,2014,0.005,0.00093,48,150,,,,,,,,,,
Mexico,2015,0.0086,0.0015,92,240,7,7,99,92.9292929,7.07070707,0.00799192,0.00060808,247,1151163,1151064
Mexico,2016,0.056,0.0057,250,500,520,530,770,32.4675325,67.5324675,0.01818182,0.03781818,1030,1375000,1374230
Mexico,2017,0.091,0.012,230,730,970,1500,1200,19.1666667,80.8333333,0.01744167,0.07355833,2230,1318681,1317481
Mexico,2018,0.15,0.02,200,930,1600,3100,1800,11.1111111,88.8888889,0.01666667,0.13333333,4030,1200000,1198200
Mexico,2019,0.15,0.028,290,1200,1400,4400,1690,17.1597633,82.8402367,0.02573964,0.12426036,5600,1126667,1124977
Mexico,2020,0.49,0.046,1800,3100,2000,6400,3800,47.3684211,52.6315789,0.23210526,0.25789474,9500,775510,771710
Mexico,2021,0.78,0.076,3000,6100,3500,9900,6500,46.1538462,53.8461538,0.36,0.42,16000,833333,826833
Mexico,2022,0.96,0.11,4400,10000,4000,14000,8400,52.3809524,47.6190476,0.50285714,0.45714286,24000,875000,866600
Mexico,2023,1.5,0.18,14000,25000,2100,16000,16100,86.9565217,13.0434783,1.30434783,0.19565217,41000,1073333,1057233
Mexico,2024,2.2,0.3,20000,45000,7100,23000,27100,73.800738,26.199262,1.62361624,0.57638376,68000,1231818,1204718
Netherlands,2010,0.025,0.0036,120,270,,11,,,,,,281,,
Netherlands,2011,0.16,0.015,860,1100,17,26,877,98.0615735,1.93842645,0.15689852,0.00310148,1126,548125,547248
Netherlands,2012,1,0.079,790,1900,4300,4400,5090,15.5206287,84.4793713,0.15520629,0.84479371,6300,509000,503910
Netherlands,2013,5.5,0.36,2600,4200,20000,24000,22600,11.5044248,88.4955752,0.63274336,4.86725664,28200,410909,388309
Netherlands,2014,3.9,0.55,2700,6800,12000,37000,14700,18.3673469,81.6326531,0.71632653,3.18367347,43800,376923,362223
Netherlands,2015,3.5,1.1,3400,9400,12000,79000,15400,22.0779221,77.9220779,0.77272727,2.72727273,88400,440000,424600
Netherlands,2016,11,1.4,4000,13000,39000,99000,43000,9.30232558,90.6976744,1.02325581,9.97674419,112000,390909,347909
Netherlands,2017,6.4,1.4,8000,21000,18000,97000,26000,30.7692308,69.2307692,1.96923077,4.43076923,118000,406250,380250
Netherlands,2018,6.2,1.7,24000,45000,3600,98000,27600,86.9565217,13.0434783,5.39130435,0.80869565,143000,445161,417561
Netherlands,2019,15,2.4,61000,110000,5500,97000,66500,91.7293233,8.27067669,13.7593985,1.2406015,207000,443333,376833
Netherlands,2020,25,3.3,72000,180000,15000,110000,87000,82.7586207,17.2413793,20.6896552,4.31034483,290000,348000,261000
Netherlands,2021,29,4.5,63000,250000,31000,140000,94000,67.0212766,32.9787234,19.4361702,9.56382979,390000,324138,230138
Netherlands,2022,35,6,73000,340000,34000,190000,107000,68.2242991,31.7757009,23.8785047,11.1214953,530000,305714,198714
Netherlands,2023,44,8.2,110000,460000,46000,270000,156000,70.5128205,29.4871795,31.025641,12.974359,730000,354545,198545
Netherlands,2024,48,11,130000,590000,52000,390000,182000,71.4285714,28.5714286,34.2857143,13.7142857,980000,379167,197167
New Zealand,2010,0.015,0.00048,10,14,,,,,,,,,,
New Zealand,2011,0.022,0.001,13,27,2,2,15,86.6666667,13.3333333,0.01906667,0.00293333,29,68182,68167
New Zealand,2012,0.033,0.0019,22,49,5,7,27,81.4814815,18.5185185,0.02688889,0.00611111,56,81818,81791
New Zealand,2013,0.041,0.0032,30,79,6,13,36,83.3333333,16.6666667,0.03416667,0.00683333,92,87805,87769
New Zealand,2014,0.34,0.014,110,190,210,220,320,34.375,65.625,0.116875,0.223125,410,94118,93798
New Zealand,2015,0.6,0.03,300,490,200,420,500,60,40,0.36,0.24,910,83333,82833
New Zealand,2016,1.7,0.079,1200,1600,340,760,1540,77.9220779,22.0779221,1.32467532,0.37532468,2360,90588,89048
New Zealand,2017,3.4,0.19,2900,4600,540,1300,3440,84.3023256,15.6976744,2.86627907,0.53372093,5900,101176,97736
New Zealand,2018,4.9,0.36,4400,8900,1200,2500,5600,78.5714286,21.4285714,3.85,1.05,11400,114286,108686
New Zealand,2019,5.9,0.56,5300,13000,1600,4400,6900,76.8115942,23.1884058,4.53188406,1.36811594,17400,116949,110049
New Zealand,2020,5.4,0.74,3900,17000,1500,5900,5400,72.2222222,27.7777778,3.9,1.5,22900,100000,94600
New Zealand,2021,7.6,1.1,6800,26000,3500,9400,10300,66.0194175,33.9805825,5.01747573,2.58252427,35400,135526,125226
New Zealand,2022,18,2,19000,46000,9200,19000,28200,67.3758865,32.6241135,12.1276596,5.87234043,65000,156667,128467
New Zealand,2023,27,2.6,21000,65000,9000,27000,30000,70,30,18.9,8.1,92000,111111,81111
New Zealand,2024,11,3.3,6300,78000,3400,35000,9700,64.9484536,35.0515464,7.1443299,3.8556701,113000,88182,78482
Norway,2010,0.28,0.12,360,2700,,2,,,,,,2702,,
Norway,2011,1.4,0.17,2000,3900,,3,,,,,,3903,,
Norway,2012,3.1,0.35,3900,8000,320,340,4220,92.4170616,7.58293839,2.86492891,0.23507109,8340,136129,131909
Norway,2013,5.8,0.63,7900,15000,340,660,8240,95.8737864,4.12621359,5.56067961,0.23932039,15660,142069,133829
Norway,2014,15,1.40E+00,20000,33000,1700,2300,21700,92.1658986,7.83410138,13.8248848,1.17511521,35300,144667,122967
Norway,2015,22,2.6,26000,59000,7900,10000,33900,76.6961652,23.3038348,16.8731563,5.12684366,69000,154091,120191
Norway,2016,29,4.2,24000,83000,21000,31000,45000,53.3333333,46.6666667,15.4666667,13.5333333,114000,155172,110172
Norway,2017,39,6.4,33000,120000,29000,60000,62000,53.2258065,46.7741935,20.7580645,18.2419355,180000,158974,96974
Norway,2018,49,8.9,46000,160000,27000,87000,73000,63.0136986,36.9863014,30.8767123,18.1232877,247000,148980,75980
Norway,2019,56,12,60000,220000,19000,110000,79000,75.9493671,24.0506329,42.5316456,13.4683544,330000,141071,62071
Norway,2020,75,17,77000,340000,29000,150000,106000,72.6415094,27.3584906,54.4811321,20.5188679,490000,141333,35333
Norway,2021,86,22,110000,450000,38000,180000,148000,74.3243243,25.6756757,63.9189189,22.0810811,630000,172093,24093
Norway,2022,89,26,140000,590000,16000,200000,156000,89.7435897,10.2564103,79.8717949,9.12820513,790000,175281,19281
Norway,2023,90,30,100000,690000,10000,210000,110000,90.9090909,9.09090909,81.8181818,8.18181818,900000,122222,12222
Norway,2024,92,32,110000,750000,3500,210000,113500,96.9162996,3.08370044,89.1629956,2.83700441,960000,123370,9870
Poland,2010,0.0048,,15,,1,,16,93.75,6.25,0.0045,0.0003,,333333,333317
Poland,2011,0.014,,43,,,,,,,,,,,
Poland,2012,0.018,,44,,4,,48,91.6666667,8.33333333,0.0165,0.0015,,266667,266619
Poland,2013,0.013,,31,,6,,37,83.7837838,16.2162162,0.01089189,0.00210811,,284615,284578
Poland,2014,0.072,,140,,61,,201,69.6517413,30.3482587,0.05014925,0.02185075,,279167,278966
Poland,2015,0.061,0.012,70,2500,150,,220,31.8181818,68.1818182,0.01940909,0.04159091,,360656,360436
Poland,2016,0.12,0.017,110,2600,400,,510,21.5686275,78.4313725,0.02588235,0.09411765,,425000,424490
Poland,2017,0.22,0.014,440,3100,640,,1080,40.7407407,59.2592593,0.08962963,0.13037037,,490909,489829
Poland,2018,0.26,0.021,620,3700,760,,1380,44.9275362,55.0724638,0.11681159,0.14318841,,530769,529389
Poland,2019,0.48,0.047,1500,4800,1200,3800,2700,55.5555556,44.4444444,0.26666667,0.21333333,8600,562500,559800
Poland,2020,1.9,0.095,3700,9400,4500,8300,8200,45.1219512,54.8780488,0.85731707,1.04268293,17700,431579,423379
Poland,2021,3.6,0.19,7200,18000,9100,19000,16300,44.1717791,55.8282209,1.59018405,2.00981595,37000,452778,436478
Poland,2022,5.9,0.31,14000,31000,11000,30000,25000,56,44,3.304,2.596,61000,423729,398729
Poland,2023,6.4,0.49,17000,52000,13000,47000,30000,56.6666667,43.3333333,3.62666667,2.77333333,99000,468750,438750
Poland,2024,5.7,1.1,17000,67000,15000,52000,32000,53.125,46.875,3.028125,2.671875,119000,561404,529404
Portugal,2010,0.0058,0.015,13,720,,,,,,,,,,
Portugal,2011,0.11,0.019,170,910,2,,172,98.8372093,1.1627907,0.10872093,0.00127907,,156364,156192
Portugal,2012,0.088,0.023,54,960,30,,84,64.2857143,35.7142857,0.05657143,0.03142857,,95455,95371
Portugal,2013,0.17,0.027,150,1100,35,37,185,81.0810811,18.9189189,0.13783784,0.03216216,1137,108824,108639
Portugal,2014,0.2,0.029,190,1300,98,46,288,65.9722222,34.0277778,0.13194444,0.06805556,1346,144000,143712
Portugal,2015,0.62,0.053,670,2000,430,530,1100,60.9090909,39.0909091,0.37763636,0.24236364,2530,177419,176319
Portugal,2016,0.87,0.089,800,2800,1000,1600,1800,44.4444444,55.5555556,0.38666667,0.48333333,4400,206897,205097
Portugal,2017,1.9,0.17,1900,4700,2500,4100,4400,43.1818182,56.8181818,0.82045455,1.07954545,8800,231579,227179
Portugal,2018,3.6,0.32,4300,8700,3900,8000,8200,52.4390244,47.5609756,1.88780488,1.71219512,16700,227778,219578
Portugal,2019,5.6,5.40E-01,6800,16000,5800,14000,12600,53.968254,46.031746,3.02222222,2.57777778,30000,225000,212400
Portugal,2020,13,0.87,7800,23000,12000,26000,19800,39.3939394,60.6060606,5.12121212,7.87878788,49000,152308,132508
Portugal,2021,20,1.4,13000,37000,16000,41000,29000,44.8275862,55.1724138,8.96551724,11.0344828,78000,145000,116000
Portugal,2022,22,1.9,18000,54000,16000,57000,34000,52.9411765,47.0588235,11.6470588,10.3529412,111000,154545,120545
Portugal,2023,32,3,36000,91000,27000,84000,63000,57.1428571,42.8571429,18.2857143,13.7142857,175000,196875,133875
Portugal,2024,33,4.2,42000,130000,28000,110000,70000,60,40,19.8,13.2,240000,212121,142121
Rest of World,2010,0.0071,0.0031,450,2900,,,,,,,,,,
Rest of World,2011,0.0086,0.0033,570,3100,17,17,587,97.1039182,2.89608177,0.00835094,0.00024906,3117,6825581,6824994
Rest of World,2012,0.019,0.0022,1200,2100,95,98,1295,92.6640927,7.33590734,0.01760618,0.00139382,2198,6815789,6814494
Rest of World,2013,0.0081,0.0027,490,2600,20,150,510,96.0784314,3.92156863,0.00778235,0.00031765,2750,6296296,6295786
Rest of World,2014,0.022,0.0049,1300,4600,110,570,1410,92.1985816,7.80141844,0.02028369,0.00171631,5170,6409091,6407681
Rest of World,2015,0.044,0.0079,1600,7100,1500,1500,3100,51.6129032,48.3870968,0.02270968,0.02129032,8600,7045455,7042355
Rest of World,2016,0.042,0.011,1800,9700,1100,2600,2900,62.0689655,37.9310345,0.02606897,0.01593103,12300,6904762,6901862
Rest of World,2017,0.11,0.019,4700,16000,3400,6200,8100,58.0246914,41.9753086,0.06382716,0.04617284,22200,7363636,7355536
Rest of World,2018,0.17,0.03,8000,25000,4300,11000,12300,65.0406504,34.9593496,0.11056911,0.05943089,36000,7235294,7222994
Rest of World,2019,0.32,0.05,14000,43000,7200,19000,21200,66.0377358,33.9622642,0.21132075,0.10867925,62000,6625000,6603800
Rest of World,2020,0.76,0.086,29000,73000,15000,34000,44000,65.9090909,34.0909091,0.50090909,0.25909091,107000,5789474,5745474
Rest of World,2021,1.3,0.15,50000,130000,31000,69000,81000,61.7283951,38.2716049,0.80246914,0.49753086,199000,6230769,6149769
Rest of World,2022,1.7,2.50E-01,82000,220000,33000,110000,115000,71.3043478,28.6956522,1.21217391,0.48782609,330000,6764706,6649706
Rest of World,2023,2.7,0.38,130000,360000,51000,150000,181000,71.8232044,28.1767956,1.93922652,0.76077348,510000,6703704,6522704
Rest of World,2024,3.8,0.56,190000,540000,69000,210000,259000,73.3590734,26.6409266,2.78764479,1.01235521,750000,6815789,6556789
Spain,2010,0.0077,0.00034,76,76,,,,,,,,,,
Spain,2011,0.049,0.0021,390,460,8,8,398,97.9899497,2.01005025,0.04801508,0.00098492,468,812245,811847
Spain,2012,0.076,0.0045,430,890,110,120,540,79.6296296,20.3703704,0.06051852,0.01548148,1010,710526,709986
Spain,2013,0.12,0.0086,810,1700,72,190,882,91.8367347,8.16326531,0.11020408,0.00979592,1890,735000,734118
Spain,2014,0.19,0.016,1400,3100,330,520,1730,80.9248555,19.0751445,0.15375723,0.03624277,3620,910526,908796
Spain,2015,0.2,0.026,1300,4400,780,1300,2080,62.5,37.5,0.125,0.075,5700,1040000,1037920
Spain,2016,0.29,0.04,2000,6500,1500,2800,3500,57.1428571,42.8571429,0.16571429,0.12428571,9300,1206897,1203397
Spain,2017,0.56,0.071,3900,10000,3500,6300,7400,52.7027027,47.2972973,0.29513514,0.26486486,16300,1321429,1314029
Spain,2018,0.81,0.12,6000,16000,5600,12000,11600,51.7241379,48.2758621,0.41896552,0.39103448,28000,1432099,1420499
Spain,2019,1.3,0.19,10000,26000,7400,19000,17400,57.4712644,42.5287356,0.74712644,0.55287356,45000,1338462,1321062
Spain,2020,4.5,0.36,18000,45000,24000,43000,42000,42.8571429,57.1428571,1.92857143,2.57142857,88000,933333,891333
Spain,2021,7.3,0.62,24000,69000,43000,86000,67000,35.8208955,64.1791045,2.61492537,4.68507463,155000,917808,850808
Spain,2022,8.9,0.94,33000,96000,49000,130000,82000,40.2439024,59.7560976,3.58170732,5.31829268,226000,921348,839348
Spain,2023,12,1.4,57000,160000,65000,200000,122000,46.7213115,53.2786885,5.60655738,6.39344262,360000,1016667,894667
Spain,2024,11,1.8,62000,210000,66000,240000,128000,48.4375,51.5625,5.328125,5.671875,450000,1163636,1035636
Sweden,2010,0.0013,9.20E-05,4,4,,,,,,,,,,
Sweden,2011,0.054,0.0041,180,180,,,,,,,,,,
Sweden,2012,0.31,0.028,270,600,660,650,930,29.0322581,70.9677419,0.09,0.22,1250,300000,299070
Sweden,2013,0.53,0.058,430,1000,1100,1600,1530,28.1045752,71.8954248,0.14895425,0.38104575,2600,288679,287149
Sweden,2014,1.4,0.15,1200,2200,3400,4900,4600,26.0869565,73.9130435,0.36521739,1.03478261,7100,328571,323971
Sweden,2015,2.4,0.31,3000,4800,5700,9800,8700,34.4827586,65.5172414,0.82758621,1.57241379,14600,362500,353800
Sweden,2016,3.4,0.55,2900,7500,10000,19000,12900,22.4806202,77.5193798,0.76434109,2.63565891,26500,379412,366512
Sweden,2017,5.1,0.92,4400,11000,16000,32000,20400,21.5686275,78.4313725,1.1,4,43000,400000,379600
Sweden,2018,7.6,1.3,7100,17000,22000,49000,29100,24.3986254,75.6013746,1.85429553,5.74570447,66000,382895,353795
Sweden,2019,11,2,16000,30000,25000,67000,41000,39.0243902,60.9756098,4.29268293,6.70731707,97000,372727,331727
Sweden,2020,32,3.6,28000,56000,66000,120000,94000,29.787234,70.212766,9.53191489,22.4680851,176000,293750,199750
Sweden,2021,43,6,57000,110000,78000,190000,135000,42.2222222,57.7777778,18.1555556,24.8444444,300000,313953,178953
Sweden,2022,54,8.7,96000,200000,67000,240000,163000,58.8957055,41.1042945,31.803681,22.196319,440000,301852,138852
Sweden,2023,60,11,110000,290000,61000,270000,171000,64.3274854,35.6725146,38.5964912,21.4035088,560000,285000,114000
Sweden,2024,58,13,94000,360000,63000,310000,157000,59.8726115,40.1273885,34.7261146,23.2738854,670000,270690,113690
Switzerland,2011,0.14,0.01,400,400,41,41,441,90.7029478,9.29705215,0.12698413,0.01301587,441,315000,314559
Switzerland,2012,0.23,0.028,340,740,400,440,740,45.9459459,54.0540541,0.10567568,0.12432432,1180,321739,320999
Switzerland,2013,0.42,0.058,1200,1900,170,600,1370,87.5912409,12.4087591,0.36788321,0.05211679,2500,326190,324820
Switzerland,2014,0.94,0.12,2700,4600,200,810,2900,93.1034483,6.89655172,0.87517241,0.06482759,5410,308511,305611
Switzerland,2015,1.7,0.25,3300,7800,2400,3200,5700,57.8947368,42.1052632,0.98421053,0.71578947,11000,335294,329594
Switzerland,2016,1.9,0.36,3300,11000,2800,5000,6100,54.0983607,45.9016393,1.02786885,0.87213115,16000,321053,314953
Switzerland,2017,2.6,0.54,4800,16000,3600,9000,8400,57.1428571,42.8571429,1.48571429,1.11428571,25000,323077,314677
Switzerland,2018,3.1,0.77,5100,21000,4400,14000,9500,53.6842105,46.3157895,1.66421053,1.43578947,35000,306452,296952
Switzerland,2019,5.5,1.1,13000,34000,4300,16000,17300,75.1445087,24.8554913,4.13294798,1.36705202,50000,314545,297245
Switzerland,2020,14,1.8,20000,54000,14000,30000,34000,58.8235294,41.1764706,8.23529412,5.76470588,84000,242857,208857
Switzerland,2021,21,2.9,32000,86000,22000,53000,54000,59.2592593,40.7407407,12.4444444,8.55555556,139000,257143,203143
Switzerland,2022,25,4.2,40000,130000,19000,71000,59000,67.7966102,32.2033898,16.9491525,8.05084746,201000,236000,177000
Switzerland,2023,30,5.8,53000,180000,23000,96000,76000,69.7368421,30.2631579,20.9210526,9.07894737,276000,253333,177333
Switzerland,2024,28,7.3,46000,220000,21000,120000,67000,68.6567164,31.3432836,19.2238806,8.7761194,340000,239286,172286
Turkey,2012,0.016,,92,,,,,,,,,,,
Turkey,2013,0.00015,0.0026,,230,1,,,,,,,,,
Turkey,2014,0.012,0.0027,46,260,22,,68,67.6470588,32.3529412,0.00811765,0.00388235,,566667,566599
Turkey,2015,0.03,0.0038,120,370,110,,230,52.173913,47.826087,0.01565217,0.01434783,,766667,766437
Turkey,2016,0.017,0.0062,44,420,83,210,127,34.6456693,65.3543307,0.00588976,0.01111024,630,747059,746932
Turkey,2017,0.015,0.0069,77,500,34,240,111,69.3693694,30.6306306,0.01040541,0.00459459,740,740000,739889
Turkey,2018,0.045,0.0086,190,650,45,280,235,80.8510638,19.1489362,0.03638298,0.00861702,930,522222,521987
Turkey,2019,0.084,0.017,230,1300,94,540,324,70.9876543,29.0123457,0.05962963,0.02437037,1840,385714,385390
Turkey,2020,0.21,0.035,890,2900,400,1000,1290,68.9922481,31.0077519,0.14488372,0.06511628,3900,614286,612996
Turkey,2021,0.63,0.074,3000,6800,920,1800,3920,76.5306122,23.4693878,0.48214286,0.14785714,8600,622222,618302
Turkey,2022,1.3,0.14,7000,14000,540,2300,7540,92.8381963,7.16180371,1.20689655,0.09310345,16300,580000,572460
Turkey,2023,7.2,0.66,66000,77000,2700,4900,68700,96.069869,3.930131,6.91703057,0.28296943,81900,954167,885467
Turkey,2024,11,1.4,99000,180000,6700,12000,105700,93.6613056,6.33869442,10.3027436,0.69725639,192000,960909,855209
United States,2010,0.012,0.0017,1200,3800,,,,,,,,,,
United States,2011,0.15,0.0099,9800,14000,8000,8000,17800,55.0561798,44.9438202,0.08258427,0.06741573,22000,11866667,11848867
United States,2012,0.42,0.034,15000,28000,39000,47000,54000,27.7777778,72.2222222,0.11666667,0.30333333,75000,12857143,12803143
United States,2013,0.71,0.078,48000,76000,49000,96000,97000,49.4845361,50.5154639,0.35134021,0.35865979,172000,13661972,13564972
United States,2014,0.77,0.14,63000,140000,55000,150000,118000,53.3898305,46.6101695,0.41110169,0.35889831,290000,15324675,15206675
United States,2015,0.7,0.19,71000,210000,43000,190000,114000,62.2807018,37.7192982,0.43596491,0.26403509,400000,16285714,16171714
United States,2016,0.99,0.26,87000,300000,73000,270000,160000,54.375,45.625,0.5383125,0.4516875,570000,16161616,16001616
United States,2017,1.3,0.33,100000,400000,94000,360000,194000,51.5463918,48.4536082,0.67010309,0.62989691,760000,14923077,14729077
United States,2018,2.3,0.48,240000,640000,120000,480000,360000,66.6666667,33.3333333,1.53333333,0.76666667,1120000,15652174,15292174
United States,2019,2.1,0.62,240000,880000,85000,570000,325000,73.8461538,26.1538462,1.55076923,0.54923077,1450000,15476191,15151191
United States,2020,2.3,0.78,230000,1100000,64000,640000,294000,78.2312925,21.7687075,1.79931973,0.50068027,1740000,12782609,12488609
United States,2021,4.7,0.97,470000,1500000,160000,720000,630000,74.6031746,25.3968254,3.50634921,1.19365079,2220000,13404255,12774255
United States,2022,7.4,1.4,800000,2100000,190000,910000,990000,80.8080808,19.1919192,5.97979798,1.42020202,3010000,13378378,12388378
United States,2023,9.5,2.1,1100000,3500000,290000,1300000,1390000,79.1366906,20.8633094,7.51798561,1.98201439,4800000,14631579,13241579
United States,2024,10,2.7,1200000,4700000,320000,1600000,1520000,78.9473684,21.0526316,7.89473684,2.10526316,6300000,15200000,13680000
United Kingdom,2010,0.013,0.0053,240,1500,21,21,261,91.954023,8.04597701,0.01195402,0.00104598,1521,2007692,2007431
United Kingdom,2011,0.062,0.009,1200,2600,7,28,1207,99.4200497,0.57995029,0.06164043,0.00035957,2628,1946774,1945567
United Kingdom,2012,0.13,0.017,1600,4100,970,990,2570,62.2568093,37.7431907,0.08093385,0.04906615,5090,1976923,1974353
United Kingdom,2013,0.16,0.027,2600,6200,1100,2000,3700,70.2702703,29.7297297,0.11243243,0.04756757,8200,2312500,2308800
United Kingdom,2014,0.59,0.072,6700,12000,7800,9700,14500,46.2068966,53.7931034,0.27262069,0.31737931,21700,2457627,2443127
United Kingdom,2015,1.1,0.16,10000,21000,19000,27000,29000,34.4827586,65.5172414,0.37931034,0.72068966,48000,2636364,2607364
United Kingdom,2016,1.4,0.27,10000,30000,29000,55000,39000,25.6410256,74.3589744,0.35897436,1.04102564,85000,2785714,2746714
United Kingdom,2017,1.9,0.4,14000,42000,35000,87000,49000,28.5714286,71.4285714,0.54285714,1.35714286,129000,2578947,2529947
United Kingdom,2018,2.6,0.56,16000,56000,46000,130000,62000,25.8064516,74.1935484,0.67096774,1.92903226,186000,2384615,2322615
United Kingdom,2019,3.3,0.76,38000,91000,37000,160000,75000,50.6666667,49.3333333,1.672,1.628,251000,2272727,2197727
United Kingdom,2020,11,1.3,110000,190000,68000,220000,178000,61.7977528,38.2022472,6.79775281,4.20224719,410000,1618182,1440182
United Kingdom,2021,19,2.1,190000,380000,120000,330000,310000,61.2903226,38.7096774,11.6451613,7.35483871,710000,1631579,1321579
United Kingdom,2022,23,2.8,270000,550000,100000,400000,370000,72.972973,27.027027,16.7837838,6.21621622,950000,1608696,1238696
United Kingdom,2023,24,4.7,310000,980000,140000,600000,450000,68.8888889,31.1111111,16.5333333,7.46666667,1580000,1875000,1425000
United Kingdom,2024,28,6.4,380000,1400000,170000,770000,550000,69.0909091,30.9090909,19.3454545,8.65454545,2170000,1964286,1414286
World,2010,0.012,0.0024,7000,20000,450,400,7450,93.9597315,6.04026846,0.01127517,0.00072483,20400,62083333,62075883
World,2011,0.073,0.0077,40000,58000,9000,9500,49000,81.6326531,18.3673469,0.05959184,0.01340816,67500,67123288,67074288
World,2012,0.18,0.021,58000,120000,60000,70000,118000,49.1525424,50.8474576,0.08847458,0.09152542,190000,65555556,65437556
World,2013,0.29,0.041,110000,230000,91000,160000,201000,54.7263682,45.2736318,0.15870647,0.13129353,390000,69310345,69109345
World,2014,0.44,0.073,200000,410000,130000,300000,330000,60.6060606,39.3939394,0.26666667,0.17333333,710000,75000000,74670000
World,2015,0.68,0.12,330000,730000,190000,520000,520000,63.4615385,36.5384615,0.43153846,0.24846154,1250000,76470588,75950588
World,2016,0.96,0.19,470000,1200000,310000,800000,780000,60.2564103,39.7435897,0.57846154,0.38153846,2000000,81250000,80470000
World,2017,1.5,0.29,760000,1900000,440000,1200000,1200000,63.3333333,36.6666667,0.95,0.55,3100000,80000000,78800000
World,2018,2.5,0.45,1400000,3200000,650000,1900000,2050000,68.2926829,31.7073171,1.70731707,0.79268293,5100000,82000000,79950000
World,2019,2.7,0.62,1500000,4800000,580000,2400000,2080000,72.1153846,27.8846154,1.94711538,0.75288462,7200000,77037037,74957037
World,2020,4.4,0.86,2000000,6800000,970000,3400000,2970000,67.3400673,32.6599327,2.96296296,1.43703704,10200000,67500000,64530000
World,2021,9.3,1.4,4700000,11000000,1900000,5300000,6600000,71.2121212,28.7878788,6.62272727,2.67727273,16300000,70967742,64367742
World,2022,15,2.1,7300000,18000000,2900000,8000000,10200000,71.5686275,28.4313725,10.7352941,4.26470588,26000000,68000000,57800000
World,2023,18,3.2,9500000,28000000,4200000,12000000,13700000,69.3430657,30.6569343,12.4817518,5.51824818,40000000,76111111,62411111
World,2024,22,4.5,11000000,39000000,6500000,19000000,17500000,62.8571429,37.1428571,13.8285714,8.17142857,58000000,79545455,62045455