Segment,MINIS,MINIS,MINIS,MINIS,MINIS,MINIS,MINIS,MINIS,KLEINWAGEN,KLEINWAGEN,KLEINWAGEN,KLEINWAGEN,KLEINWAGEN,KLEINWAGEN,KLEINWAGEN,KLEINWAGEN,KOMPAKTKLASSE,KOMPAKTKLASSE,KOMPAKTKLASSE,KOMPAKTKLASSE,KOMPAKTKLASSE,KOMPAKTKLASSE,KOMPAKTKLASSE,KOMPAKTKLASSE,MITTELKLASSE,MITTELKLASSE,MITTELKLASSE,MITTELKLASSE,MITTELKLASSE,MITTELKLASSE,MITTELKLASSE,MITTELKLASSE,OBERE MITTELKLASSE,OBERE MITTELKLASSE,OBERE MITTELKLASSE,OBERE MITTELKLASSE,OBERE MITTELKLASSE,OBERE MITTELKLASSE,OBERE MITTELKLASSE,OBERE MITTELKLASSE,OBERKLASSE,OBERKLASSE,OBERKLASSE,OBERKLASSE,OBERKLASSE,OBERKLASSE,OBERKLASSE,OBERKLASSE,SUVs,SUVs,SUVs,SUVs,SUVs,SUVs,SUVs,SUVs,GELÄNDEWAGEN,GELÄNDEWAGEN,GELÄNDEWAGEN,GELÄNDEWAGEN,GELÄNDEWAGEN,GELÄNDEWAGEN,GELÄNDEWAGEN,GELÄNDEWAGEN,SPORTWAGEN,SPORTWAGEN,SPORTWAGEN,SPORTWAGEN,SPORTWAGEN,SPORTWAGEN,SPORTWAGEN,SPORTWAGEN,MINI-VANS,MINI-VANS,MINI-VANS,MINI-VANS,MINI-VANS,MINI-VANS,MINI-VANS,MINI-VANS,GROSSRAUM-VANS,GROSSRAUM-VANS,GROSSRAUM-VANS,GROSSRAUM-VANS,GROSSRAUM-VANS,GROSSRAUM-VANS,GROSSRAUM-VANS,GROSSRAUM-VANS,UTILITIES,UTILITIES,UTILITIES,UTILITIES,UTILITIES,UTILITIES,UTILITIES,UTILITIES,WOHNMOBILE,WOHNMOBILE,WOHNMOBILE,WOHNMOBILE,WOHNMOBILE,WOHNMOBILE,WOHNMOBILE,WOHNMOBILE,Sonstige,Sonstige,Sonstige,Sonstige,Sonstige,Sonstige,Sonstige,Sonstige
Power Type,ICE_P,ICE_D,CNG,LPG,HEV,PHEV,BEV,Other,ICE_P,ICE_D,CNG,LPG,HEV,PHEV,BEV,Other,ICE_P,ICE_D,CNG,LPG,HEV,PHEV,BEV,Other,ICE_P,ICE_D,CNG,LPG,HEV,PHEV,BEV,Other,ICE_P,ICE_D,CNG,LPG,HEV,PHEV,BEV,Other,ICE_P,ICE_D,CNG,LPG,HEV,PHEV,BEV,Other,ICE_P,ICE_D,CNG,LPG,HEV,PHEV,BEV,Other,ICE_P,ICE_D,CNG,LPG,HEV,PHEV,BEV,Other,ICE_P,ICE_D,CNG,LPG,HEV,PHEV,BEV,Other,ICE_P,ICE_D,CNG,LPG,HEV,PHEV,BEV,Other,ICE_P,ICE_D,CNG,LPG,HEV,PHEV,BEV,Other,ICE_P,ICE_D,CNG,LPG,HEV,PHEV,BEV,Other,ICE_P,ICE_D,CNG,LPG,HEV,PHEV,BEV,Other,ICE_P,ICE_D,CNG,LPG,HEV,PHEV,BEV,Other
2023-01-01,3730.0,1.0,3.0,0.0,1826.0,0.0,1957.0,0.0,14091.0,250.0,23.0,1.0,6340.0,9.0,595.0,-9.0,12416.0,7220.0,35.0,525.0,6590.0,1442.0,1511.0,-1442.0,3535.0,5269.0,11.0,0.0,8760.0,1536.0,668.0,-1536.0,233.0,298.0,0.0,0.0,4256.0,694.0,257.0,-682.0,206.0,282.0,0.0,0.0,721.0,178.0,1152.0,-177.0,23158.0,4630.0,23.0,117.0,10568.0,2067.0,9879.0,-2061.0,6196.0,7617.0,0.0,1.0,9905.0,2144.0,1523.0,-2143.0,1844.0,116.0,0.0,0.0,528.0,75.0,0.0,-75.0,242.0,174.0,0.0,0.0,237.0,112.0,6.0,-112.0,1622.0,2887.0,0.0,414.0,177.0,0.0,159.0,0.0,1978.0,6483.0,2.0,0.0,564.0,470.0,227.0,-470.0,26.0,3920.0,0.0,0.0,0.0,0.0,0.0,2.0,645.0,83.0,0.0,10.0,300.0,126.0,202.0,-126.0
2023-02-01,2951.0,0.0,0.0,0.0,2577.0,0.0,2597.0,0.0,16070.0,302.0,40.0,0.0,5475.0,17.0,2380.0,-17.0,13322.0,8323.0,37.0,324.0,8916.0,1673.0,4055.0,-1673.0,3720.0,4692.0,4.0,0.0,10153.0,2517.0,2370.0,-2517.0,238.0,335.0,0.0,0.0,5625.0,707.0,402.0,-702.0,226.0,172.0,0.0,0.0,885.0,221.0,710.0,-221.0,26340.0,4683.0,29.0,172.0,13018.0,2941.0,16833.0,-2936.0,5834.0,5654.0,0.0,2.0,10178.0,3099.0,2278.0,-3094.0,1687.0,48.0,0.0,0.0,342.0,67.0,0.0,-67.0,270.0,425.0,0.0,0.0,784.0,258.0,16.0,-258.0,1575.0,2252.0,0.0,329.0,321.0,0.0,165.0,0.0,2188.0,6190.0,0.0,0.0,387.0,303.0,453.0,-303.0,27.0,5274.0,0.0,1.0,0.0,0.0,1.0,1.0,909.0,83.0,0.0,11.0,319.0,113.0,215.0,-113.0
2023-03-01,4691.0,0.0,14.0,0.0,3343.0,0.0,4383.0,0.0,23489.0,460.0,56.0,3.0,6140.0,49.0,2912.0,-49.0,16483.0,9493.0,33.0,464.0,12029.0,2176.0,6303.0,-2176.0,6008.0,5936.0,10.0,0.0,13883.0,2738.0,4691.0,-2738.0,287.0,449.0,0.0,0.0,7263.0,1080.0,499.0,-1066.0,357.0,291.0,0.0,0.0,1188.0,340.0,1210.0,-340.0,33812.0,6187.0,29.0,251.0,22450.0,5451.0,20760.0,-5445.0,8356.0,6772.0,0.0,1.0,14712.0,4060.0,2054.0,-4049.0,3109.0,63.0,0.0,0.0,577.0,153.0,0.0,-153.0,492.0,487.0,0.0,0.0,1216.0,385.0,44.0,-385.0,1740.0,2275.0,0.0,426.0,545.0,0.0,138.0,0.0,3412.0,7143.0,1.0,0.0,368.0,214.0,706.0,-214.0,46.0,8933.0,0.0,1.0,2.0,2.0,2.0,0.0,989.0,108.0,0.0,15.0,313.0,128.0,423.0,-126.0
2023-04-01,4024.0,0.0,14.0,0.0,1766.0,0.0,3421.0,0.0,17442.0,230.0,59.0,0.0,4380.0,41.0,2290.0,-41.0,11699.0,6706.0,29.0,342.0,8014.0,1485.0,4542.0,-1485.0,4884.0,5085.0,6.0,0.0,10763.0,2065.0,2103.0,-2065.0,259.0,318.0,0.0,0.0,5724.0,860.0,308.0,-846.0,323.0,235.0,0.0,0.0,1001.0,194.0,688.0,-194.0,24147.0,3962.0,43.0,131.0,15200.0,4046.0,14402.0,-4040.0,5753.0,4785.0,0.0,0.0,10589.0,2619.0,1115.0,-2619.0,2392.0,41.0,0.0,0.0,386.0,99.0,0.0,-99.0,507.0,269.0,0.0,0.0,789.0,162.0,30.0,-162.0,1634.0,1622.0,0.0,407.0,283.0,0.0,44.0,0.0,2565.0,5464.0,2.0,0.0,280.0,84.0,654.0,-84.0,34.0,7338.0,0.0,1.0,3.0,3.0,3.0,-2.0,856.0,83.0,0.0,22.0,290.0,129.0,140.0,-124.0
2023-05-01,5092.0,0.0,12.0,0.0,1287.0,0.0,3870.0,0.0,17910.0,213.0,50.0,2.0,6129.0,25.0,3045.0,-25.0,14809.0,7676.0,41.0,530.0,9172.0,1621.0,5216.0,-1621.0,6085.0,6277.0,4.0,0.0,14303.0,2580.0,3326.0,-2580.0,266.0,332.0,0.0,0.0,6940.0,941.0,662.0,-914.0,335.0,189.0,0.0,0.0,1194.0,274.0,1018.0,-274.0,28032.0,5056.0,23.0,140.0,17610.0,5257.0,22427.0,-5255.0,6592.0,5779.0,0.0,0.0,12654.0,2606.0,1641.0,-2600.0,2922.0,35.0,0.0,0.0,518.0,124.0,0.0,-124.0,481.0,245.0,0.0,0.0,972.0,169.0,50.0,-169.0,1826.0,2714.0,0.0,480.0,380.0,0.0,128.0,0.0,2486.0,6543.0,0.0,0.0,228.0,112.0,978.0,-112.0,37.0,8318.0,0.0,1.0,1.0,0.0,6.0,2.0,827.0,128.0,0.0,13.0,257.0,94.0,413.0,-91.0
2023-06-01,6193.0,0.0,32.0,0.0,2629.0,0.0,6148.0,0.0,20968.0,350.0,24.0,3.0,7595.0,29.0,2946.0,-29.0,15947.0,9314.0,75.0,826.0,11069.0,2337.0,6648.0,-2337.0,5739.0,7086.0,6.0,0.0,12394.0,2631.0,4483.0,-2631.0,242.0,352.0,0.0,0.0,7001.0,1026.0,659.0,-1008.0,273.0,194.0,0.0,0.0,1159.0,285.0,1629.0,-285.0,34176.0,6107.0,16.0,202.0,20201.0,5790.0,27326.0,-5774.0,7378.0,6937.0,0.0,1.0,14011.0,3253.0,1449.0,-3245.0,2781.0,43.0,0.0,0.0,466.0,126.0,0.0,-126.0,508.0,290.0,0.0,0.0,688.0,107.0,55.0,-107.0,2241.0,2426.0,0.0,1066.0,430.0,0.0,186.0,0.0,2239.0,6714.0,2.0,0.0,164.0,108.0,1123.0,-108.0,43.0,6922.0,2.0,2.0,1.0,0.0,1.0,2.0,954.0,125.0,0.0,11.0,441.0,238.0,335.0,-190.0
2023-07-01,5794.0,0.0,34.0,0.0,2148.0,0.0,6521.0,0.0,17911.0,218.0,58.0,4.0,6930.0,18.0,2530.0,-18.0,13626.0,9629.0,70.0,346.0,9968.0,1717.0,6686.0,-1717.0,4698.0,5352.0,8.0,0.0,11090.0,2410.0,4463.0,-2410.0,186.0,290.0,0.0,0.0,5483.0,865.0,757.0,-854.0,224.0,150.0,0.0,0.0,834.0,274.0,1232.0,-274.0,27792.0,5489.0,34.0,108.0,17393.0,5395.0,22873.0,-5364.0,6047.0,6161.0,0.0,1.0,11799.0,3113.0,1756.0,-3113.0,2360.0,21.0,0.0,0.0,388.0,139.0,1.0,-139.0,518.0,195.0,0.0,0.0,553.0,100.0,49.0,-100.0,1351.0,2635.0,0.0,506.0,320.0,0.0,154.0,0.0,1744.0,5895.0,5.0,0.0,162.0,96.0,1249.0,-96.0,36.0,6364.0,1.0,0.0,1.0,1.0,8.0,0.0,1071.0,97.0,0.0,26.0,414.0,217.0,403.0,-203.0
2023-08-01,5274.0,0.0,30.0,0.0,3376.0,0.0,9418.0,0.0,17110.0,155.0,21.0,3.0,7823.0,44.0,6121.0,-44.0,12335.0,9277.0,35.0,351.0,9137.0,1339.0,13878.0,-1339.0,4045.0,4763.0,9.0,0.0,11572.0,1851.0,5629.0,-1851.0,224.0,241.0,0.0,0.0,4958.0,922.0,1008.0,-871.0,187.0,83.0,0.0,0.0,971.0,356.0,1257.0,-356.0,25019.0,5644.0,20.0,102.0,18492.0,6034.0,43026.0,-6034.0,5318.0,5808.0,0.0,0.0,12042.0,3528.0,2764.0,-3528.0,1987.0,27.0,0.0,0.0,285.0,110.0,0.0,-110.0,497.0,238.0,0.0,0.0,711.0,153.0,180.0,-153.0,1136.0,2524.0,0.0,444.0,537.0,0.0,248.0,0.0,1417.0,6025.0,15.0,0.0,173.0,70.0,2450.0,-70.0,29.0,4815.0,0.0,0.0,1.0,0.0,16.0,0.0,1020.0,68.0,0.0,20.0,318.0,145.0,654.0,-140.0
2023-09-01,4095.0,0.0,10.0,0.0,2937.0,0.0,3651.0,0.0,19135.0,206.0,12.0,5.0,6756.0,21.0,3923.0,-21.0,13815.0,9272.0,12.0,281.0,9588.0,1666.0,3281.0,-1666.0,4244.0,5747.0,2.0,0.0,10585.0,1983.0,1320.0,-1983.0,232.0,264.0,0.0,0.0,4326.0,790.0,1065.0,-787.0,206.0,88.0,0.0,0.0,1106.0,332.0,853.0,-332.0,25291.0,5365.0,9.0,83.0,21733.0,6445.0,15451.0,-6445.0,5960.0,6812.0,0.0,0.0,14362.0,3617.0,972.0,-3617.0,1558.0,39.0,0.0,0.0,358.0,69.0,2.0,-69.0,866.0,244.0,0.0,0.0,672.0,293.0,35.0,-293.0,1227.0,2100.0,0.0,275.0,433.0,0.0,49.0,0.0,1527.0,5361.0,13.0,0.0,127.0,85.0,790.0,-85.0,28.0,4316.0,0.0,1.0,0.0,0.0,2.0,1.0,795.0,86.0,1.0,21.0,195.0,82.0,320.0,-80.0
2023-10-01,3761.0,0.0,4.0,0.0,3718.0,0.0,4606.0,0.0,17320.0,188.0,20.0,2.0,6562.0,14.0,2251.0,-14.0,13725.0,7429.0,15.0,579.0,10707.0,2918.0,5005.0,-2918.0,4157.0,5440.0,3.0,2.0,10882.0,2185.0,3790.0,-2185.0,174.0,205.0,0.0,0.0,4706.0,771.0,1277.0,-768.0,132.0,27.0,0.0,0.0,1029.0,307.0,1133.0,-307.0,21067.0,4391.0,10.0,122.0,20988.0,6395.0,15938.0,-6395.0,5695.0,5873.0,0.0,0.0,13400.0,3201.0,1822.0,-3201.0,1706.0,111.0,0.0,0.0,405.0,64.0,0.0,-64.0,713.0,235.0,0.0,0.0,654.0,223.0,25.0,-223.0,861.0,2350.0,0.0,370.0,506.0,0.0,198.0,0.0,1570.0,4718.0,12.0,0.0,204.0,185.0,980.0,-185.0,21.0,3839.0,1.0,1.0,0.0,0.0,2.0,4.0,744.0,75.0,0.0,13.0,175.0,98.0,307.0,-97.0
2023-11-01,4613.0,0.0,24.0,2.0,1704.0,0.0,4520.0,0.0,20405.0,251.0,4.0,5.0,6624.0,12.0,3549.0,-12.0,14986.0,9193.0,9.0,335.0,12176.0,3051.0,5547.0,-3051.0,4143.0,5054.0,1.0,1.0,12259.0,2639.0,5010.0,-2639.0,153.0,147.0,0.0,0.0,7526.0,1365.0,1844.0,-1363.0,153.0,28.0,0.0,0.0,1027.0,347.0,988.0,-347.0,25070.0,5472.0,4.0,136.0,21104.0,6914.0,19902.0,-6914.0,6501.0,6894.0,0.0,0.0,14150.0,2962.0,1860.0,-2962.0,1323.0,30.0,0.0,0.0,168.0,52.0,0.0,-52.0,534.0,298.0,0.0,0.0,566.0,199.0,32.0,-199.0,1402.0,2792.0,0.0,427.0,515.0,0.0,130.0,0.0,1518.0,5745.0,8.0,0.0,444.0,403.0,1128.0,-403.0,38.0,3488.0,0.0,0.0,2.0,1.0,2.0,0.0,895.0,78.0,0.0,7.0,322.0,179.0,430.0,-177.0
2023-12-01,4171.0,0.0,7.0,0.0,1788.0,0.0,6118.0,0.0,18010.0,138.0,2.0,39.0,6335.0,7.0,4746.0,-7.0,14934.0,9481.0,3.0,692.0,10919.0,2535.0,7005.0,-2535.0,3902.0,4377.0,1.0,0.0,9993.0,1959.0,5263.0,-1959.0,97.0,118.0,0.0,0.0,6025.0,1693.0,1344.0,-1687.0,138.0,12.0,0.0,0.0,984.0,312.0,1196.0,-312.0,22674.0,5231.0,1.0,114.0,22221.0,7785.0,25097.0,-7785.0,5864.0,6230.0,0.0,0.0,13306.0,3113.0,2554.0,-3113.0,1089.0,8.0,0.0,0.0,97.0,25.0,0.0,-25.0,778.0,329.0,0.0,0.0,613.0,131.0,34.0,-131.0,1080.0,2452.0,0.0,458.0,860.0,0.0,73.0,0.0,1486.0,5534.0,9.0,0.0,229.0,211.0,784.0,-211.0,23.0,3441.0,0.0,0.0,8.0,8.0,3.0,-7.0,648.0,52.0,0.0,17.0,203.0,115.0,437.0,-114.0
2024-01-01,3255.0,0.0,0.0,0.0,2439.0,0.0,1893.0,0.0,18087.0,107.0,2.0,10.0,5540.0,7.0,806.0,-7.0,17463.0,11516.0,2.0,1259.0,10956.0,1898.0,2005.0,-1898.0,3789.0,4359.0,0.0,0.0,9378.0,1446.0,2097.0,-1446.0,108.0,69.0,0.0,0.0,4176.0,1239.0,1196.0,-1234.0,221.0,18.0,0.0,0.0,932.0,410.0,653.0,-410.0,25494.0,5659.0,3.0,122.0,17146.0,5269.0,11471.0,-5269.0,6801.0,6892.0,0.0,0.0,13494.0,3720.0,1324.0,-3719.0,2131.0,7.0,0.0,0.0,193.0,88.0,3.0,-88.0,532.0,240.0,0.0,0.0,918.0,79.0,32.0,-79.0,1334.0,2508.0,0.0,503.0,827.0,0.0,78.0,0.0,1623.0,5798.0,7.0,0.0,187.0,182.0,578.0,-181.0,20.0,3691.0,0.0,0.0,4.0,4.0,0.0,-2.0,866.0,72.0,0.0,5.0,306.0,52.0,338.0,-51.0
2024-02-01,3868.0,0.0,0.0,0.0,2757.0,0.0,1988.0,0.0,17003.0,65.0,1.0,20.0,6724.0,4.0,661.0,-4.0,15280.0,12257.0,2.0,654.0,10327.0,1866.0,3805.0,-1866.0,4061.0,4792.0,0.0,1.0,10834.0,1368.0,1865.0,-1368.0,130.0,49.0,0.0,0.0,3986.0,1304.0,1194.0,-1298.0,233.0,12.0,0.0,0.0,754.0,240.0,683.0,-240.0,24359.0,5172.0,2.0,120.0,17154.0,4753.0,15117.0,-4752.0,5356.0,5333.0,0.0,0.0,14279.0,4657.0,1249.0,-4657.0,2471.0,9.0,0.0,0.0,175.0,87.0,1.0,-87.0,208.0,265.0,0.0,0.0,1145.0,62.0,30.0,-62.0,1413.0,2395.0,0.0,441.0,824.0,0.0,66.0,0.0,1818.0,6010.0,16.0,0.0,165.0,149.0,517.0,-149.0,28.0,5688.0,0.0,0.0,0.0,0.0,0.0,1.0,878.0,106.0,0.0,13.0,243.0,85.0,303.0,-80.0
2024-03-01,4464.0,0.0,0.0,1.0,2228.0,0.0,2298.0,0.0,23579.0,86.0,4.0,26.0,9034.0,3.0,1236.0,-3.0,19676.0,12896.0,9.0,649.0,12226.0,2409.0,3348.0,-2405.0,5080.0,5266.0,0.0,0.0,11957.0,1632.0,2374.0,-1632.0,181.0,39.0,0.0,0.0,5786.0,1944.0,1646.0,-1924.0,303.0,15.0,0.0,0.0,782.0,257.0,592.0,-257.0,32171.0,5155.0,1.0,136.0,23080.0,4910.0,17071.0,-4909.0,5969.0,5590.0,0.0,1.0,14990.0,4422.0,1376.0,-4419.0,3362.0,5.0,0.0,0.0,302.0,123.0,2.0,-123.0,284.0,253.0,0.0,0.0,1250.0,130.0,148.0,-130.0,1265.0,1975.0,0.0,390.0,1033.0,0.0,129.0,0.0,2298.0,6970.0,15.0,0.0,150.0,119.0,748.0,-119.0,43.0,10019.0,0.0,0.0,0.0,0.0,3.0,4.0,1078.0,96.0,0.0,27.0,231.0,67.0,413.0,-65.0
2024-04-01,4161.0,0.0,0.0,0.0,839.0,0.0,1611.0,0.0,18904.0,119.0,0.0,36.0,7926.0,1.0,926.0,-1.0,19933.0,12313.0,3.0,538.0,11194.0,1887.0,3720.0,-1887.0,4488.0,4900.0,0.0,0.0,13724.0,1840.0,2074.0,-1840.0,130.0,29.0,0.0,0.0,5976.0,1982.0,1739.0,-1977.0,410.0,12.0,0.0,0.0,836.0,237.0,866.0,-237.0,28751.0,4392.0,1.0,151.0,19131.0,4479.0,16177.0,-4479.0,5700.0,6162.0,0.0,0.0,13695.0,4346.0,1175.0,-4344.0,3386.0,1.0,0.0,0.0,261.0,126.0,2.0,-126.0,294.0,119.0,0.0,0.0,570.0,87.0,44.0,-87.0,1149.0,2252.0,0.0,419.0,697.0,0.0,378.0,0.0,2371.0,6750.0,22.0,0.0,69.0,65.0,579.0,-64.0,33.0,9147.0,0.0,0.0,1.0,0.0,5.0,4.0,1019.0,121.0,0.0,16.0,263.0,85.0,372.0,-77.0
2024-05-01,3945.0,0.0,0.0,0.0,1144.0,0.0,1213.0,0.0,18640.0,60.0,3.0,19.0,6652.0,0.0,619.0,0.0,19520.0,11191.0,2.0,449.0,10728.0,1739.0,6434.0,-1739.0,3368.0,4074.0,1.0,0.0,12610.0,1573.0,2220.0,-1573.0,105.0,18.0,0.0,0.0,6178.0,1748.0,1628.0,-1738.0,234.0,16.0,0.0,0.0,902.0,318.0,744.0,-318.0,32395.0,4545.0,2.0,74.0,17622.0,4434.0,14608.0,-4432.0,3762.0,6269.0,0.0,1.0,13697.0,3861.0,1086.0,-3860.0,2508.0,0.0,0.0,0.0,197.0,125.0,1.0,-125.0,581.0,122.0,0.0,0.0,925.0,84.0,347.0,-84.0,1179.0,2434.0,0.0,264.0,487.0,0.0,22.0,0.0,2264.0,7589.0,23.0,0.0,84.0,80.0,489.0,-80.0,28.0,8483.0,1.0,0.0,0.0,0.0,3.0,3.0,969.0,92.0,0.0,14.0,225.0,76.0,294.0,-70.0
2024-06-01,5651.0,1.0,1.0,0.0,3041.0,0.0,1830.0,0.0,25636.0,331.0,0.0,67.0,8439.0,0.0,1443.0,0.0,21854.0,11978.0,0.0,703.0,13758.0,1797.0,13397.0,-1797.0,4356.0,6439.0,0.0,0.0,13136.0,1811.0,2560.0,-1811.0,114.0,46.0,0.0,0.0,6705.0,1551.0,1682.0,-1540.0,234.0,6.0,0.0,0.0,1015.0,468.0,742.0,-468.0,41819.0,6175.0,0.0,224.0,23222.0,5428.0,18682.0,-5426.0,4123.0,7595.0,0.0,0.0,16519.0,4045.0,1460.0,-4044.0,2045.0,1.0,0.0,0.0,208.0,107.0,0.0,-107.0,805.0,142.0,0.0,0.0,939.0,60.0,433.0,-60.0,1583.0,3419.0,0.0,449.0,758.0,0.0,263.0,0.0,2445.0,9038.0,6.0,0.0,89.0,78.0,645.0,-78.0,28.0,7420.0,1.0,0.0,3.0,3.0,2.0,1.0,1075.0,97.0,0.0,15.0,138.0,43.0,273.0,-36.0
2024-07-01,4167.0,0.0,0.0,0.0,1131.0,0.0,1343.0,0.0,18775.0,222.0,0.0,9.0,7541.0,0.0,1117.0,0.0,16162.0,8979.0,0.0,404.0,11240.0,1003.0,4491.0,-1003.0,3505.0,4531.0,0.0,0.0,11627.0,2168.0,1926.0,-2153.0,112.0,21.0,0.0,0.0,8346.0,2025.0,2912.0,-2014.0,149.0,7.0,0.0,0.0,919.0,409.0,957.0,-409.0,31303.0,4114.0,0.0,182.0,22336.0,4852.0,15515.0,-4850.0,3302.0,6727.0,0.0,0.0,14684.0,4021.0,1259.0,-4020.0,1391.0,0.0,0.0,0.0,207.0,126.0,1.0,-126.0,169.0,110.0,0.0,0.0,1011.0,82.0,194.0,-82.0,1556.0,3405.0,0.0,462.0,562.0,0.0,396.0,0.0,1709.0,7721.0,3.0,0.0,35.0,33.0,361.0,-32.0,34.0,7195.0,0.0,0.0,3.0,2.0,2.0,-1.0,1071.0,75.0,0.0,21.0,228.0,90.0,288.0,-83.0
2024-08-01,3578.0,0.0,0.0,0.0,364.0,0.0,1274.0,0.0,17068.0,19.0,0.0,14.0,7258.0,0.0,1615.0,0.0,13894.0,6755.0,0.0,418.0,9109.0,886.0,2970.0,-886.0,2602.0,2959.0,0.0,0.0,9908.0,2408.0,1698.0,-2408.0,101.0,6.0,0.0,0.0,6488.0,1610.0,2729.0,-1597.0,99.0,4.0,0.0,0.0,663.0,261.0,690.0,-261.0,25478.0,2618.0,0.0,235.0,20762.0,4309.0,14207.0,-4306.0,2471.0,4680.0,0.0,0.0,12851.0,3849.0,870.0,-3849.0,986.0,1.0,0.0,0.0,107.0,81.0,1.0,-81.0,39.0,108.0,0.0,0.0,1104.0,79.0,197.0,-79.0,1161.0,1896.0,0.0,271.0,529.0,0.0,202.0,0.0,1556.0,5259.0,3.0,0.0,18.0,15.0,351.0,-15.0,20.0,5549.0,0.0,0.0,1.0,0.0,0.0,0.0,954.0,120.0,0.0,15.0,182.0,67.0,220.0,-66.0
2024-09-01,3323.0,0.0,1.0,0.0,679.0,0.0,811.0,0.0,17200.0,19.0,0.0,26.0,8176.0,0.0,2027.0,0.0,14330.0,7566.0,0.0,328.0,10240.0,948.0,3327.0,-948.0,2480.0,2979.0,0.0,0.0,9465.0,2687.0,1478.0,-2687.0,115.0,0.0,0.0,0.0,6913.0,1930.0,3951.0,-1892.0,96.0,2.0,0.0,0.0,525.0,208.0,832.0,-208.0,21959.0,2722.0,0.0,131.0,21397.0,3979.0,18917.0,-3978.0,2436.0,5848.0,0.0,1.0,15812.0,4971.0,1642.0,-4971.0,1001.0,0.0,0.0,0.0,121.0,45.0,14.0,-45.0,33.0,125.0,0.0,0.0,1400.0,89.0,282.0,-89.0,1431.0,2009.0,0.0,259.0,540.0,0.0,215.0,0.0,1851.0,5205.0,0.0,0.0,34.0,30.0,876.0,-30.0,21.0,4568.0,0.0,1.0,0.0,0.0,2.0,1.0,733.0,72.0,0.0,23.0,131.0,49.0,105.0,-47.0
2024-10-01,3362.0,0.0,,0.0,493.0,0.0,699.0,0.0,17644.0,16.0,,23.0,8465.0,0.0,1988.0,0.0,17015.0,8574.0,,357.0,12390.0,1277.0,4388.0,-1277.0,2115.0,3973.0,,0.0,9977.0,3237.0,1254.0,-3237.0,102.0,1.0,,0.0,7669.0,2217.0,4116.0,-2203.0,96.0,0.0,,0.0,791.0,314.0,1049.0,-314.0,25526.0,3190.0,,298.0,25595.0,5731.0,18268.0,-5731.0,2508.0,6131.0,,0.0,17243.0,6242.0,1717.0,-6242.0,1118.0,0.0,,0.0,136.0,78.0,2.0,-78.0,16.0,183.0,,0.0,1323.0,101.0,413.0,-101.0,1475.0,3145.0,,339.0,699.0,1.0,327.0,-1.0,2533.0,6251.0,,0.0,86.0,66.0,1022.0,-65.0,28.0,4610.0,,1.0,2.0,1.0,2.0,-1.0,726.0,98.0,,21.0,140.0,72.0,246.0,-70.0
2024-11-01,4309.0,0.0,0.0,0.0,607.0,0.0,541.0,0.0,17885.0,44.0,0.0,14.0,9194.0,0.0,1909.0,0.0,16928.0,8896.0,0.0,337.0,13288.0,1555.0,3759.0,-1555.0,3157.0,4752.0,0.0,1.0,12245.0,3364.0,2012.0,-3364.0,88.0,1.0,0.0,0.0,9109.0,2779.0,4647.0,-2772.0,135.0,2.0,0.0,0.0,863.0,344.0,992.0,-344.0,26692.0,3415.0,0.0,204.0,27699.0,6026.0,18232.0,-6026.0,2190.0,5410.0,0.0,0.0,18712.0,6224.0,1204.0,-6224.0,959.0,0.0,0.0,0.0,369.0,52.0,3.0,-52.0,5.0,75.0,0.0,0.0,1231.0,22.0,310.0,-22.0,1611.0,2989.0,0.0,372.0,636.0,0.0,237.0,0.0,2589.0,7162.0,0.0,0.0,386.0,165.0,880.0,-165.0,37.0,3687.0,0.0,0.0,0.0,0.0,3.0,2.0,767.0,77.0,0.0,14.0,215.0,73.0,438.0,-63.0
2024-12-01,4011.0,0.0,0.0,0.0,169.0,0.0,829.0,0.0,15658.0,20.0,0.0,14.0,8514.0,0.0,1760.0,0.0,15176.0,6972.0,0.0,454.0,11923.0,1102.0,3800.0,-1102.0,3616.0,3571.0,0.0,0.0,9922.0,2291.0,2161.0,-2291.0,65.0,0.0,0.0,0.0,7640.0,2275.0,4058.0,-2267.0,94.0,0.0,0.0,0.0,840.0,282.0,893.0,-282.0,23005.0,2718.0,0.0,150.0,28414.0,6410.0,17117.0,-6410.0,2121.0,4594.0,0.0,1.0,19058.0,6320.0,1127.0,-6319.0,851.0,0.0,0.0,0.0,183.0,31.0,0.0,-31.0,10.0,150.0,0.0,0.0,1636.0,101.0,307.0,-101.0,1572.0,2326.0,0.0,478.0,906.0,0.0,182.0,0.0,2554.0,7601.0,0.0,0.0,276.0,246.0,910.0,-246.0,28.0,3027.0,0.0,0.0,1.0,0.0,1.0,0.0,572.0,52.0,0.0,16.0,191.0,45.0,416.0,-44.0
2025-01-01,3103.0,0.0,0.0,0.0,257.0,0.0,1169.0,0.0,14700.0,15.0,0.0,21.0,6034.0,0.0,1943.0,0.0,12782.0,7212.0,0.0,385.0,11057.0,1485.0,4605.0,-1485.0,2344.0,3666.0,0.0,0.0,8443.0,2171.0,1483.0,-2171.0,91.0,0.0,0.0,0.0,6287.0,2199.0,4660.0,-2197.0,100.0,0.0,0.0,0.0,797.0,329.0,607.0,-329.0,21463.0,2770.0,0.0,129.0,21756.0,4549.0,17340.0,-4549.0,2232.0,5369.0,0.0,2.0,19126.0,6265.0,1067.0,-6265.0,1013.0,0.0,0.0,0.0,445.0,74.0,50.0,-74.0,2.0,197.0,0.0,0.0,1437.0,77.0,202.0,-77.0,1365.0,2604.0,0.0,305.0,571.0,0.0,228.0,0.0,2390.0,7540.0,0.0,0.0,508.0,486.0,758.0,-485.0,33.0,3546.0,0.0,1.0,0.0,0.0,1.0,1.0,740.0,37.0,0.0,16.0,246.0,77.0,385.0,-76.0
2025-02-01,3295.0,0.0,0.0,0.0,302.0,0.0,595.0,0.0,13173.0,4.0,0.0,29.0,7309.0,0.0,2486.0,0.0,12013.0,6737.0,0.0,332.0,11412.0,1603.0,4642.0,-1603.0,2707.0,4006.0,0.0,0.0,9252.0,2805.0,1688.0,-2805.0,85.0,0.0,0.0,0.0,6700.0,2502.0,4977.0,-2500.0,118.0,0.0,0.0,0.0,738.0,321.0,618.0,-321.0,18302.0,3152.0,0.0,114.0,23125.0,5507.0,17814.0,-5507.0,1947.0,4703.0,0.0,1.0,16047.0,5903.0,1080.0,-5903.0,1271.0,0.0,0.0,0.0,463.0,94.0,23.0,-94.0,0.0,89.0,0.0,0.0,849.0,80.0,197.0,-80.0,1125.0,1849.0,0.0,276.0,587.0,0.0,168.0,0.0,2165.0,6846.0,0.0,0.0,683.0,638.0,1147.0,-638.0,36.0,4675.0,0.0,0.0,3.0,3.0,2.0,-3.0,674.0,55.0,0.0,15.0,217.0,78.0,512.0,-76.0
2025-03-01,3255.0,0.0,0.0,0.0,230.0,0.0,1481.0,0.0,16611.0,3.0,0.0,32.0,9152.0,0.0,3592.0,1.0,14099.0,6587.0,1.0,525.0,14608.0,2553.0,4908.0,-2553.0,3411.0,3965.0,0.0,0.0,11116.0,3391.0,2463.0,-3391.0,154.0,2.0,0.0,0.0,8247.0,2654.0,5618.0,-2651.0,119.0,0.0,0.0,0.0,789.0,312.0,623.0,-312.0,23411.0,4705.0,0.0,298.0,35710.0,10237.0,20440.0,-10237.0,2848.0,5181.0,0.0,1.0,17172.0,6258.0,1281.0,-6258.0,1782.0,0.0,0.0,0.0,603.0,117.0,40.0,-117.0,1.0,106.0,0.0,0.0,1584.0,81.0,236.0,-81.0,1474.0,2126.0,0.0,377.0,1077.0,0.0,215.0,0.0,2401.0,7324.0,0.0,0.0,903.0,855.0,1292.0,-855.0,56.0,7840.0,0.0,1.0,17.0,17.0,3.0,-15.0,792.0,51.0,0.0,17.0,205.0,78.0,329.0,-77.0
2025-04-01,3177.0,0.0,0.0,0.0,95.0,0.0,1784.0,0.0,16238.0,1.0,0.0,92.0,6555.0,0.0,4555.0,0.0,13744.0,6091.0,1.0,399.0,14427.0,2546.0,6112.0,-2546.0,2932.0,3214.0,0.0,0.0,10734.0,3417.0,1714.0,-3417.0,94.0,6.0,0.0,0.0,8543.0,2538.0,5812.0,-2533.0,135.0,0.0,0.0,0.0,752.0,317.0,596.0,-316.0,21954.0,4017.0,0.0,153.0,29007.0,7680.0,21888.0,-7680.0,2616.0,4882.0,0.0,0.0,17612.0,6362.0,1067.0,-6359.0,1771.0,0.0,0.0,0.0,650.0,127.0,28.0,-127.0,0.0,114.0,0.0,0.0,1115.0,49.0,159.0,-49.0,1165.0,2209.0,0.0,351.0,724.0,0.0,214.0,2.0,2030.0,7131.0,1.0,0.0,1300.0,1198.0,1383.0,-1198.0,82.0,9952.0,0.0,0.0,20.0,20.0,4.0,-13.0,876.0,32.0,0.0,13.0,162.0,63.0,219.0,-57.0
2025-05-01,3649.0,0.0,0.0,0.0,68.0,0.0,1083.0,0.0,16179.0,8.0,0.0,75.0,6240.0,0.0,3834.0,1.0,13099.0,5924.0,0.0,400.0,15060.0,2253.0,5331.0,-2253.0,3110.0,3209.0,0.0,0.0,10298.0,3603.0,1528.0,-3603.0,92.0,6.0,0.0,0.0,8499.0,2189.0,6009.0,-2186.0,145.0,1.0,0.0,0.0,767.0,310.0,570.0,-308.0,23924.0,4047.0,0.0,198.0,30317.0,8526.0,22020.0,-8525.0,2498.0,3914.0,0.0,0.0,16848.0,6531.0,830.0,-6529.0,1495.0,0.0,0.0,0.0,525.0,93.0,14.0,-93.0,1.0,73.0,0.0,0.0,975.0,52.0,181.0,-52.0,1068.0,2244.0,0.0,320.0,711.0,11.0,159.0,-11.0,1790.0,7168.0,0.0,1.0,1627.0,1523.0,1255.0,-1523.0,54.0,8480.0,0.0,2.0,28.0,28.0,3.0,-22.0,817.0,32.0,0.0,19.0,208.0,62.0,243.0,-53.0
2025-06-01,3234.0,0.0,0.0,0.0,154.0,0.0,1938.0,0.0,19745.0,11.0,0.0,43.0,7501.0,0.0,5971.0,0.0,13545.0,6963.0,0.0,620.0,15641.0,2282.0,5764.0,-2281.0,2809.0,3178.0,0.0,0.0,10315.0,3137.0,1841.0,-3137.0,181.0,3.0,0.0,0.0,7398.0,2239.0,4678.0,-2223.0,124.0,0.0,0.0,0.0,871.0,342.0,523.0,-341.0,26015.0,4342.0,0.0,211.0,33340.0,8250.0,23719.0,-8249.0,2194.0,3735.0,0.0,0.0,18943.0,7848.0,788.0,-7842.0,1442.0,0.0,0.0,0.0,424.0,91.0,17.0,-90.0,0.0,82.0,0.0,0.0,1480.0,54.0,329.0,-54.0,1152.0,2263.0,0.0,446.0,1195.0,8.0,185.0,-8.0,1818.0,7661.0,0.0,0.0,1415.0,1288.0,1160.0,-1288.0,62.0,7389.0,0.0,1.0,5.0,5.0,32.0,2.0,720.0,38.0,0.0,25.0,258.0,64.0,218.0,-59.0
2025-07-01,3878.0,0.0,0.0,0.0,97.0,0.0,2043.0,0.0,16321.0,2.0,0.0,43.0,8082.0,0.0,5918.0,4.0,12877.0,7959.0,0.0,506.0,16780.0,2660.0,5657.0,-2659.0,2661.0,3936.0,0.0,0.0,11228.0,3666.0,2106.0,-3666.0,176.0,6.0,0.0,0.0,7212.0,2487.0,5162.0,-2486.0,246.0,0.0,0.0,0.0,857.0,371.0,574.0,-364.0,27965.0,5074.0,0.0,210.0,33563.0,8266.0,24140.0,-8265.0,2697.0,4938.0,0.0,1.0,20238.0,8338.0,937.0,-8336.0,1317.0,0.0,0.0,0.0,613.0,74.0,66.0,-74.0,0.0,74.0,0.0,0.0,1276.0,77.0,200.0,-77.0,1005.0,2728.0,0.0,299.0,823.0,4.0,269.0,-4.0,2143.0,8699.0,0.0,0.0,1322.0,1192.0,1156.0,-1191.0,48.0,7087.0,0.0,1.0,2.0,2.0,0.0,6.0,858.0,26.0,0.0,11.0,276.0,60.0,386.0,-58.0
2025-08-01,3169.0,0.0,0.0,0.0,85.0,0.0,1849.0,0.0,14311.0,2.0,0.0,26.0,6617.0,0.0,4855.0,0.0,9871.0,5137.0,0.0,407.0,13227.0,2890.0,4139.0,-2890.0,2036.0,2349.0,0.0,0.0,8179.0,2725.0,2634.0,-2725.0,119.0,1.0,0.0,0.0,5800.0,2346.0,3637.0,-2343.0,107.0,0.0,0.0,0.0,690.0,248.0,459.0,-244.0,21446.0,2986.0,0.0,119.0,27502.0,7420.0,19331.0,-7420.0,1878.0,3165.0,0.0,1.0,16615.0,7145.0,577.0,-7142.0,778.0,0.0,0.0,0.0,303.0,78.0,65.0,-78.0,0.0,139.0,0.0,0.0,1407.0,70.0,184.0,-70.0,808.0,1641.0,0.0,237.0,825.0,7.0,193.0,-7.0,1603.0,6579.0,0.0,0.0,1073.0,963.0,979.0,-963.0,36.0,5199.0,0.0,0.0,9.0,9.0,1.0,-4.0,1091.0,21.0,0.0,5.0,246.0,72.0,464.0,-70.0
